X,Y,fingerMag
0.0,0.0,50.065165
0.0,0.1,52.178188
0.0,0.2,54.125831
0.0,0.3,55.913964
0.0,0.4,57.548459
0.0,0.5,59.035186
0.0,0.6,60.380016
0.0,0.7,61.588819
0.0,0.8,62.667466
0.0,0.9,63.621828
0.0,1.0,64.457776
0.0,1.1,65.181180
0.0,1.2,65.797911
0.0,1.3,66.313839
0.0,1.4,66.734893
0.0,1.5,67.071397
0.0,1.6,67.341092
0.0,1.7,67.562438
0.0,1.8,67.753892
0.0,1.9,67.933298
0.0,2.0,68.100307
0.0,2.1,68.233788
0.0,2.2,68.311473
0.0,2.3,68.311094
0.0,2.4,68.210383
0.0,2.5,67.987071
0.0,2.6,67.618892
0.0,2.7,67.083578
0.0,2.8,66.366015
0.0,2.9,65.489243
0.0,3.0,64.488968
0.0,3.1,63.400904
0.0,3.2,62.260764
0.0,3.3,61.104262
0.0,3.4,59.967112
0.0,3.5,58.885027
0.0,3.6,57.893722
0.0,3.7,57.028910
0.0,3.8,56.325741
0.0,3.9,55.795042
0.0,4.1,55.414585
0.0,4.2,55.159779
0.0,4.3,55.006034
0.0,4.4,54.928757
0.0,4.5,54.903359
0.0,4.6,54.905877
0.0,4.7,54.926769
0.0,4.8,54.970891
0.0,4.9,55.043726
0.0,5.0,55.150754
0.0,5.1,55.297458
0.0,5.2,55.489319
0.0,5.3,55.731818
0.0,5.4,56.030438
0.0,5.5,56.390169
0.0,5.6,56.809585
0.0,5.7,57.282762
0.0,5.8,57.803682
0.0,5.9,58.366327
0.0,6.0,58.964678
0.0,6.1,59.592716
0.0,6.2,60.244425
0.0,6.3,60.913785
0.0,6.4,61.594781
0.0,6.5,62.282442
0.0,6.6,62.974393
0.0,6.7,63.668657
0.0,6.8,64.363258
0.0,6.9,65.056219
0.0,7.0,65.745562
0.0,7.1,66.429311
0.0,7.2,67.105490
0.0,7.3,67.772120
0.0,7.4,68.427226
0.0,7.5,69.068831
0.0,7.6,69.694958
0.0,7.7,70.303629
0.0,7.8,70.892868
0.0,7.9,71.460699
0.0,8.0,72.005143
0.1,0.0,52.536939
0.1,0.1,54.462424
0.1,0.2,56.172347
0.1,0.3,57.684259
0.1,0.4,59.015705
0.1,0.5,60.184235
0.1,0.6,61.207397
0.1,0.7,62.102737
0.1,0.8,62.887804
0.1,0.9,63.580147
0.1,1.0,64.197312
0.1,1.1,64.756849
0.1,1.2,65.276304
0.1,1.3,65.773225
0.1,1.4,66.264994
0.1,1.5,66.756220
0.1,1.6,67.229953
0.1,1.7,67.667165
0.1,1.8,68.048829
0.1,1.9,68.356090
0.1,2.0,68.575212
0.1,2.1,68.698307
0.1,2.2,68.717807
0.1,2.3,68.626143
0.1,2.4,68.415747
0.1,2.5,68.079050
0.1,2.6,67.608485
0.1,2.7,66.996482
0.1,2.8,66.239852
0.1,2.9,65.358755
0.1,3.0,64.381102
0.1,3.1,63.334809
0.1,3.2,62.247791
0.1,3.3,61.147965
0.1,3.4,60.063247
0.1,3.5,59.021553
0.1,3.6,58.050799
0.1,3.7,57.178901
0.1,3.8,56.433394
0.1,3.9,55.825381
0.1,4.1,55.343631
0.1,4.2,54.975317
0.1,4.3,54.707613
0.1,4.4,54.527692
0.1,4.5,54.422727
0.1,4.6,54.380130
0.1,4.7,54.392795
0.1,4.8,54.459085
0.1,4.9,54.577605
0.1,5.0,54.746957
0.1,5.1,54.965742
0.1,5.2,55.232565
0.1,5.3,55.546028
0.1,5.4,55.904733
0.1,5.5,56.307220
0.1,5.6,56.751211
0.1,5.7,57.233851
0.1,5.8,57.752274
0.1,5.9,58.303616
0.1,6.0,58.885010
0.1,6.1,59.493591
0.1,6.2,60.126493
0.1,6.3,60.780850
0.1,6.4,61.453797
0.1,6.5,62.142413
0.1,6.6,62.843646
0.1,6.7,63.554420
0.1,6.8,64.271661
0.1,6.9,64.992296
0.1,7.0,65.713249
0.1,7.1,66.431446
0.1,7.2,67.143814
0.1,7.3,67.847277
0.1,7.4,68.538761
0.1,7.5,69.215192
0.1,7.6,69.873496
0.1,7.7,70.510599
0.1,7.8,71.123425
0.1,7.9,71.708901
0.1,8.0,72.263952
0.2,0.0,54.640311
0.2,0.1,56.372609
0.2,0.2,57.859586
0.2,0.3,59.127074
0.2,0.4,60.200905
0.2,0.5,61.106912
0.2,0.6,61.870928
0.2,0.7,62.518784
0.2,0.8,63.076313
0.2,0.9,63.569347
0.2,1.0,64.023719
0.2,1.1,64.465261
0.2,1.2,64.919805
0.2,1.3,65.413184
0.2,1.4,65.970895
0.2,1.5,66.592793
0.2,1.6,67.235450
0.2,1.7,67.851265
0.2,1.8,68.392639
0.2,1.9,68.812741
0.2,2.0,69.087482
0.2,2.1,69.218757
0.2,2.2,69.209884
0.2,2.3,69.064178
0.2,2.4,68.784955
0.2,2.5,68.375531
0.2,2.6,67.839222
0.2,2.7,67.179344
0.2,2.8,66.401495
0.2,2.9,65.523446
0.2,3.0,64.567008
0.2,3.1,63.553995
0.2,3.2,62.506221
0.2,3.3,61.445499
0.2,3.4,60.393643
0.2,3.5,59.372468
0.2,3.6,58.403786
0.2,3.7,57.509411
0.2,3.8,56.710928
0.2,3.9,56.019980
0.2,4.1,55.434703
0.2,4.2,54.952270
0.2,4.3,54.569850
0.2,4.4,54.284616
0.2,4.5,54.093738
0.2,4.6,53.994303
0.2,4.7,53.981449
0.2,4.8,54.048373
0.2,4.9,54.188186
0.2,5.0,54.393999
0.2,5.1,54.658922
0.2,5.2,54.976068
0.2,5.3,55.338548
0.2,5.4,55.739473
0.2,5.5,56.172213
0.2,5.6,56.633546
0.2,5.7,57.122632
0.2,5.8,57.638684
0.2,5.9,58.180914
0.2,6.0,58.748533
0.2,6.1,59.340753
0.2,6.2,59.956787
0.2,6.3,60.595846
0.2,6.4,61.257139
0.2,6.5,61.939143
0.2,6.6,62.638505
0.2,6.7,63.351591
0.2,6.8,64.074770
0.2,6.9,64.804409
0.2,7.0,65.536875
0.2,7.1,66.268536
0.2,7.2,66.995760
0.2,7.3,67.714913
0.2,7.4,68.422364
0.2,7.5,69.114479
0.2,7.6,69.787627
0.2,7.7,70.438174
0.2,7.8,71.062489
0.2,7.9,71.656939
0.2,8.0,72.217891
0.3,0.0,56.399255
0.3,0.1,57.935312
0.3,0.2,59.214492
0.3,0.3,60.267856
0.3,0.4,61.126465
0.3,0.5,61.821380
0.3,0.6,62.383662
0.3,0.7,62.844371
0.3,0.8,63.234570
0.3,0.9,63.585318
0.3,1.0,63.927677
0.3,1.1,64.292709
0.3,1.2,64.711473
0.3,1.3,65.215032
0.3,1.4,65.833992
0.3,1.5,66.564346
0.3,1.6,67.343650
0.3,1.7,68.103829
0.3,1.8,68.776808
0.3,1.9,69.295701
0.3,2.0,69.628830
0.3,2.1,69.784736
0.3,2.2,69.774163
0.3,2.3,69.607853
0.3,2.4,69.296546
0.3,2.5,68.850986
0.3,2.6,68.281914
0.3,2.7,67.600071
0.3,2.8,66.817004
0.3,2.9,65.948544
0.3,3.0,65.011945
0.3,3.1,64.024464
0.3,3.2,63.003356
0.3,3.3,61.965876
0.3,3.4,60.929279
0.3,3.5,59.910821
0.3,3.6,58.927759
0.3,3.7,57.997346
0.3,3.8,57.136729
0.3,3.9,56.358330
0.3,4.1,55.668147
0.3,4.2,55.071722
0.3,4.3,54.574596
0.3,4.4,54.182309
0.3,4.5,53.900401
0.3,4.6,53.734066
0.3,4.7,53.680508
0.3,4.8,53.728953
0.3,4.9,53.868283
0.3,5.0,54.087380
0.3,5.1,54.375123
0.3,5.2,54.720395
0.3,5.3,55.112077
0.3,5.4,55.539050
0.3,5.5,55.990683
0.3,5.6,56.462732
0.3,5.7,56.955428
0.3,5.8,57.469097
0.3,5.9,58.004066
0.3,6.0,58.560658
0.3,6.1,59.139201
0.3,6.2,59.740019
0.3,6.3,60.363439
0.3,6.4,61.009782
0.3,6.5,61.678330
0.3,6.6,62.365771
0.3,6.7,63.068398
0.3,6.8,63.782503
0.3,6.9,64.504377
0.3,7.0,65.230312
0.3,7.1,65.956601
0.3,7.2,66.679535
0.3,7.3,67.395406
0.3,7.4,68.100507
0.3,7.5,68.791129
0.3,7.6,69.463565
0.3,7.7,70.114106
0.3,7.8,70.739044
0.3,7.9,71.334672
0.3,8.0,71.897281
0.4,0.0,57.837747
0.4,0.1,59.177102
0.4,0.2,60.264014
0.4,0.3,61.132054
0.4,0.4,61.814793
0.4,0.5,62.345802
0.4,0.6,62.758651
0.4,0.7,63.086911
0.4,0.8,63.364154
0.4,0.9,63.623950
0.4,1.0,63.899869
0.4,1.1,64.225484
0.4,1.2,64.634364
0.4,1.3,65.160082
0.4,1.4,65.835682
0.4,1.5,66.654111
0.4,1.6,67.540623
0.4,1.7,68.413949
0.4,1.8,69.192820
0.4,1.9,69.797422
0.4,2.0,70.190968
0.4,2.1,70.385839
0.4,2.2,70.397100
0.4,2.3,70.239818
0.4,2.4,69.929058
0.4,2.5,69.479887
0.4,2.6,68.907369
0.4,2.7,68.226572
0.4,2.8,67.452440
0.4,2.9,66.599277
0.4,3.0,65.681172
0.4,3.1,64.712215
0.4,3.2,63.706496
0.4,3.3,62.678105
0.4,3.4,61.641131
0.4,3.5,60.609663
0.4,3.6,59.597793
0.4,3.7,58.619609
0.4,3.8,57.689185
0.4,3.9,56.819923
0.4,4.1,56.024308
0.4,4.2,55.314760
0.4,4.3,54.703700
0.4,4.4,54.203548
0.4,4.5,53.826724
0.4,4.6,53.585093
0.4,4.7,53.477746
0.4,4.8,53.491024
0.4,4.9,53.610713
0.4,5.0,53.822600
0.4,5.1,54.112471
0.4,5.2,54.466113
0.4,5.3,54.869313
0.4,5.4,55.307857
0.4,5.5,55.768165
0.4,5.6,56.244910
0.4,5.7,56.738560
0.4,5.8,57.249701
0.4,5.9,57.778919
0.4,6.0,58.326801
0.4,6.1,58.893934
0.4,6.2,59.480904
0.4,6.3,60.088297
0.4,6.4,60.716698
0.4,6.5,61.365671
0.4,6.6,62.032247
0.4,6.7,62.713068
0.4,6.8,63.404778
0.4,6.9,64.104018
0.4,7.0,64.807431
0.4,7.1,65.511659
0.4,7.2,66.213346
0.4,7.3,66.909134
0.4,7.4,67.595665
0.4,7.5,68.269582
0.4,7.6,68.927527
0.4,7.7,69.566144
0.4,7.8,70.182074
0.4,7.9,70.771960
0.4,8.0,71.332445
0.5,0.0,58.979762
0.5,0.1,60.124547
0.5,0.2,61.035098
0.5,0.3,61.745115
0.5,0.4,62.288296
0.5,0.5,62.698340
0.5,0.6,63.008947
0.5,0.7,63.253815
0.5,0.8,63.466643
0.5,0.9,63.681131
0.5,1.0,63.930976
0.5,1.1,64.249878
0.5,1.2,64.671537
0.5,1.3,65.229650
0.5,1.4,65.957361
0.5,1.5,66.845318
0.5,1.6,67.812436
0.5,1.7,68.770716
0.5,1.8,69.632161
0.5,1.9,70.310351
0.5,2.0,70.765609
0.5,2.1,71.011661
0.5,2.2,71.065152
0.5,2.3,70.942726
0.5,2.4,70.661029
0.5,2.5,70.236705
0.5,2.6,69.686399
0.5,2.7,69.026755
0.5,2.8,68.273865
0.5,2.9,67.440874
0.5,3.0,66.539946
0.5,3.1,65.583248
0.5,3.2,64.582943
0.5,3.3,63.551197
0.5,3.4,62.500176
0.5,3.5,61.442043
0.5,3.6,60.388964
0.5,3.7,59.353104
0.5,3.8,58.346682
0.5,3.9,57.384250
0.5,4.1,56.483529
0.5,4.2,55.662467
0.5,4.3,54.939012
0.5,4.4,54.331112
0.5,4.5,53.856715
0.5,4.6,53.533054
0.5,4.7,53.360940
0.5,4.8,53.324785
0.5,4.9,53.408290
0.5,5.0,53.595158
0.5,5.1,53.869090
0.5,5.2,54.213788
0.5,5.3,54.612953
0.5,5.4,55.050288
0.5,5.5,55.510193
0.5,5.6,55.986223
0.5,5.7,56.478350
0.5,5.8,56.986681
0.5,5.9,57.511320
0.5,6.0,58.052375
0.5,6.1,58.609951
0.5,6.2,59.184154
0.5,6.3,59.775089
0.5,6.4,60.382861
0.5,6.5,61.006865
0.5,6.6,61.644733
0.5,6.7,62.293828
0.5,6.8,62.951513
0.5,6.9,63.615151
0.5,7.0,64.282103
0.5,7.1,64.949732
0.5,7.2,65.615401
0.5,7.3,66.276473
0.5,7.4,66.930310
0.5,7.5,67.574274
0.5,7.6,68.205729
0.5,7.7,68.822037
0.5,7.8,69.420560
0.5,7.9,69.998661
0.5,8.0,70.553703
0.6,0.0,59.849277
0.6,0.1,60.804216
0.6,0.2,61.554691
0.6,0.3,62.132485
0.6,0.4,62.569380
0.6,0.5,62.897159
0.6,0.6,63.147603
0.6,0.7,63.352495
0.6,0.8,63.543617
0.6,0.9,63.752751
0.6,1.0,64.011679
0.6,1.1,64.352184
0.6,1.2,64.806047
0.6,1.3,65.405051
0.6,1.4,66.180426
0.6,1.5,67.121199
0.6,1.6,68.145157
0.6,1.7,69.163221
0.6,1.8,70.086314
0.6,1.9,70.826939
0.6,2.0,71.344464
0.6,2.1,71.651797
0.6,2.2,71.764775
0.6,2.3,71.699230
0.6,2.4,71.470998
0.6,2.5,71.095914
0.6,2.6,70.589813
0.6,2.7,69.968528
0.6,2.8,69.247340
0.6,2.9,68.438563
0.6,3.0,67.553527
0.6,3.1,66.603561
0.6,3.2,65.599997
0.6,3.3,64.554164
0.6,3.4,63.477391
0.6,3.5,62.381009
0.6,3.6,61.276348
0.6,3.7,60.174736
0.6,3.8,59.087608
0.6,3.9,58.030803
0.6,4.1,57.026155
0.6,4.2,56.095927
0.6,4.3,55.262381
0.6,4.4,54.547779
0.6,4.5,53.974382
0.6,4.6,53.563623
0.6,4.7,53.317865
0.6,4.8,53.220434
0.6,4.9,53.253831
0.6,5.0,53.400555
0.6,5.1,53.643108
0.6,5.2,53.963988
0.6,5.3,54.345697
0.6,5.4,54.770734
0.6,5.5,55.222303
0.6,5.6,55.692812
0.6,5.7,56.181120
0.6,5.8,56.686224
0.6,5.9,57.207117
0.6,6.0,57.742794
0.6,6.1,58.292251
0.6,6.2,58.854481
0.6,6.3,59.428481
0.6,6.4,60.013243
0.6,6.5,60.607608
0.6,6.6,61.210031
0.6,6.7,61.818905
0.6,6.8,62.432628
0.6,6.9,63.049594
0.6,7.0,63.668199
0.6,7.1,64.286838
0.6,7.2,64.903907
0.6,7.3,65.517801
0.6,7.4,66.126915
0.6,7.5,66.729645
0.6,7.6,67.324387
0.6,7.7,67.909536
0.6,7.8,68.483487
0.6,7.9,69.044635
0.6,8.0,69.591377
0.7,0.0,60.470267
0.7,0.1,61.242677
0.7,0.2,61.849739
0.7,0.3,62.319612
0.7,0.4,62.680453
0.7,0.5,62.960421
0.7,0.6,63.187671
0.7,0.7,63.390363
0.7,0.8,63.596653
0.7,0.9,63.834700
0.7,1.0,64.132660
0.7,1.1,64.518692
0.7,1.2,65.020953
0.7,1.3,65.667601
0.7,1.4,66.486274
0.7,1.5,67.464985
0.7,1.6,68.524855
0.7,1.7,69.580556
0.7,1.8,70.546765
0.7,1.9,71.339636
0.7,2.0,71.919246
0.7,2.1,72.295845
0.7,2.2,72.482425
0.7,2.3,72.491980
0.7,2.4,72.337503
0.7,2.5,72.031985
0.7,2.6,71.588420
0.7,2.7,71.019800
0.7,2.8,70.338927
0.7,2.9,69.557573
0.7,3.0,68.687172
0.7,3.1,67.739157
0.7,3.2,66.724960
0.7,3.3,65.656015
0.7,3.4,64.543755
0.7,3.5,63.399611
0.7,3.6,62.235019
0.7,3.7,61.061409
0.7,3.8,59.890348
0.7,3.9,58.739072
0.7,4.1,57.632532
0.7,4.2,56.596227
0.7,4.3,55.655659
0.7,4.4,54.836328
0.7,4.5,54.163734
0.7,4.6,53.662470
0.7,4.7,53.336296
0.7,4.8,53.168170
0.7,4.9,53.140150
0.7,5.0,53.234291
0.7,5.1,53.432649
0.7,5.2,53.717280
0.7,5.3,54.070241
0.7,5.4,54.473588
0.7,5.5,54.910031
0.7,5.6,55.370819
0.7,5.7,55.853192
0.7,5.8,56.354516
0.7,5.9,56.872155
0.7,6.0,57.403472
0.7,6.1,57.945832
0.7,6.2,58.496600
0.7,6.3,59.053141
0.7,6.4,59.612819
0.7,6.5,60.173600
0.7,6.6,60.734941
0.7,6.7,61.296526
0.7,6.8,61.858040
0.7,6.9,62.419166
0.7,7.0,62.979591
0.7,7.1,63.538997
0.7,7.2,64.097070
0.7,7.3,64.653494
0.7,7.4,65.207953
0.7,7.5,65.760133
0.7,7.6,66.309717
0.7,7.7,66.856390
0.7,7.8,67.399837
0.7,7.9,67.939742
0.7,8.0,68.475790
0.8,0.0,60.866708
0.8,0.1,61.466498
0.8,0.2,61.947189
0.8,0.3,62.331943
0.8,0.4,62.643922
0.8,0.5,62.906288
0.8,0.6,63.142203
0.8,0.7,63.374830
0.8,0.8,63.627331
0.8,0.9,63.922867
0.8,1.0,64.284601
0.8,1.1,64.735695
0.8,1.2,65.299312
0.8,1.3,65.998613
0.8,1.4,66.856301
0.8,1.5,67.859908
0.8,1.6,68.937597
0.8,1.7,70.011813
0.8,1.8,71.004998
0.8,1.9,71.840892
0.8,2.0,72.481667
0.8,2.1,72.933398
0.8,2.2,73.204561
0.8,2.3,73.303630
0.8,2.4,73.239081
0.8,2.5,73.019390
0.8,2.6,72.653031
0.8,2.7,72.148479
0.8,2.8,71.514686
0.8,2.9,70.763133
0.8,3.0,69.906141
0.8,3.1,68.956033
0.8,3.2,67.925132
0.8,3.3,66.825761
0.8,3.4,65.670243
0.8,3.5,64.470899
0.8,3.6,63.240053
0.8,3.7,61.990027
0.8,3.8,60.733289
0.8,3.9,59.488549
0.8,4.1,58.283002
0.8,4.2,57.144450
0.8,4.3,56.100695
0.8,4.4,55.179536
0.8,4.5,54.408777
0.8,4.6,53.815267
0.8,4.7,53.404009
0.8,4.8,53.158193
0.8,4.9,53.060063
0.8,5.0,53.091864
0.8,5.1,53.235838
0.8,5.2,53.474230
0.8,5.3,53.789284
0.8,5.4,54.163243
0.8,5.5,54.578910
0.8,5.6,55.026385
0.8,5.7,55.500888
0.8,5.8,55.997744
0.8,5.9,56.512280
0.8,6.0,57.039822
0.8,6.1,57.575695
0.8,6.2,58.115224
0.8,6.3,58.653736
0.8,6.4,59.186561
0.8,6.5,59.710538
0.8,6.6,60.226266
0.8,6.7,60.734918
0.8,6.8,61.237667
0.8,6.9,61.735687
0.8,7.0,62.230149
0.8,7.1,62.722229
0.8,7.2,63.213098
0.8,7.3,63.703930
0.8,7.4,64.195898
0.8,7.5,64.690175
0.8,7.6,65.187935
0.8,7.7,65.690350
0.8,7.8,66.198594
0.8,7.9,66.713840
0.8,8.0,67.237261
0.9,0.0,61.062575
0.9,0.1,61.502249
0.9,0.2,61.873988
0.9,0.3,62.194925
0.9,0.4,62.482193
0.9,0.5,62.752924
0.9,0.6,63.024252
0.9,0.7,63.313308
0.9,0.8,63.637227
0.9,0.9,64.013141
0.9,1.0,64.458183
0.9,1.1,64.989485
0.9,1.2,65.624182
0.9,1.3,66.379404
0.9,1.4,67.271904
0.9,1.5,68.289198
0.9,1.6,69.369453
0.9,1.7,70.446082
0.9,1.8,71.452498
0.9,1.9,72.323157
0.9,2.0,73.023440
0.9,2.1,73.554054
0.9,2.2,73.917638
0.9,2.3,74.116831
0.9,2.4,74.154272
0.9,2.5,74.032600
0.9,2.6,73.754455
0.9,2.7,73.322474
0.9,2.8,72.740679
0.9,2.9,72.020470
0.9,3.0,71.175691
0.9,3.1,70.220190
0.9,3.2,69.167815
0.9,3.3,68.032413
0.9,3.4,66.827833
0.9,3.5,65.567921
0.9,3.6,64.266526
0.9,3.7,62.937494
0.9,3.8,61.594819
0.9,3.9,60.258726
0.9,4.1,58.957913
0.9,4.2,57.721682
0.9,4.3,56.579338
0.9,4.4,55.560183
0.9,4.5,54.693521
0.9,4.6,54.007686
0.9,4.7,53.508779
0.9,4.8,53.180700
0.9,4.9,53.006387
0.9,5.0,52.968775
0.9,5.1,53.050803
0.9,5.2,53.235407
0.9,5.3,53.505524
0.9,5.4,53.844092
0.9,5.5,54.234476
0.9,5.6,54.665652
0.9,5.7,55.130528
0.9,5.8,55.622095
0.9,5.9,56.133341
0.9,6.0,56.657258
0.9,6.1,57.186836
0.9,6.2,57.715065
0.9,6.3,58.234935
0.9,6.4,58.739443
0.9,6.5,59.224120
0.9,6.6,59.690807
0.9,6.7,60.142309
0.9,6.8,60.581429
0.9,6.9,61.010973
0.9,7.0,61.433746
0.9,7.1,61.852553
0.9,7.2,62.270198
0.9,7.3,62.689486
0.9,7.4,63.113222
0.9,7.5,63.544211
0.9,7.6,63.985257
0.9,7.7,64.439165
0.9,7.8,64.908741
0.9,7.9,65.396789
0.9,8.0,65.906113
1.0,0.0,61.081843
1.0,0.1,61.376498
1.0,0.2,61.657083
1.0,0.3,61.934006
1.0,0.4,62.217674
1.0,0.5,62.518492
1.0,0.6,62.846868
1.0,0.7,63.213209
1.0,0.8,63.627922
1.0,0.9,64.101412
1.0,1.0,64.644087
1.0,1.1,65.266354
1.0,1.2,65.978619
1.0,1.3,66.791289
1.0,1.4,67.714480
1.0,1.5,68.736086
1.0,1.6,69.806489
1.0,1.7,70.872454
1.0,1.8,71.880749
1.0,1.9,72.778881
1.0,2.0,73.536276
1.0,2.1,74.147406
1.0,2.2,74.608113
1.0,2.3,74.914235
1.0,2.4,75.061614
1.0,2.5,75.046089
1.0,2.6,74.863502
1.0,2.7,74.509691
1.0,2.8,73.982968
1.0,2.9,73.294814
1.0,3.0,72.461082
1.0,3.1,71.497628
1.0,3.2,70.420309
1.0,3.3,69.244982
1.0,3.4,67.987503
1.0,3.5,66.663727
1.0,3.6,65.289513
1.0,3.7,63.880715
1.0,3.8,62.453324
1.0,3.9,61.029093
1.0,4.1,59.637606
1.0,4.2,58.309007
1.0,4.3,57.073439
1.0,4.4,55.961046
1.0,4.5,55.001973
1.0,4.6,54.225400
1.0,4.7,53.638383
1.0,4.8,53.225891
1.0,4.9,52.971935
1.0,5.0,52.860524
1.0,5.1,52.875667
1.0,5.2,53.001375
1.0,5.3,53.221659
1.0,5.4,53.520527
1.0,5.5,53.882265
1.0,5.6,54.294763
1.0,5.7,54.748436
1.0,5.8,55.233753
1.0,5.9,55.741184
1.0,6.0,56.261195
1.0,6.1,56.784257
1.0,6.2,57.300837
1.0,6.3,57.801404
1.0,6.4,58.276438
1.0,6.5,58.720044
1.0,6.6,59.135366
1.0,6.7,59.526924
1.0,6.8,59.899243
1.0,6.9,60.256845
1.0,7.0,60.604253
1.0,7.1,60.945989
1.0,7.2,61.286577
1.0,7.3,61.630539
1.0,7.4,61.982398
1.0,7.5,62.346677
1.0,7.6,62.727899
1.0,7.7,63.130586
1.0,7.8,63.559261
1.0,7.9,64.018448
1.0,8.0,64.512668
1.1,0.0,60.948489
1.1,0.1,61.115813
1.1,0.2,61.323420
1.1,0.3,61.574633
1.1,0.4,61.872771
1.1,0.5,62.221155
1.1,0.6,62.623106
1.1,0.7,63.081945
1.1,0.8,63.600992
1.1,0.9,64.183569
1.1,1.0,64.832996
1.1,1.1,65.552593
1.1,1.2,66.345681
1.1,1.3,67.215582
1.1,1.4,68.165426
1.1,1.5,69.183805
1.1,1.6,70.234774
1.1,1.7,71.280022
1.1,1.8,72.281237
1.1,1.9,73.200512
1.1,2.0,74.011887
1.1,2.1,74.703052
1.1,2.2,75.262443
1.1,2.3,75.678495
1.1,2.4,75.939645
1.1,2.5,76.034329
1.1,2.6,75.950982
1.1,2.7,75.678041
1.1,2.8,75.207613
1.1,2.9,74.551392
1.1,3.0,73.727571
1.1,3.1,72.754346
1.1,3.2,71.649916
1.1,3.3,70.432477
1.1,3.4,69.120229
1.1,3.5,67.731366
1.1,3.6,66.284089
1.1,3.7,64.796593
1.1,3.8,63.287192
1.1,3.9,61.779143
1.1,4.1,60.302428
1.1,4.2,58.887509
1.1,4.3,57.564847
1.1,4.4,56.364904
1.1,4.5,55.318142
1.1,4.6,54.454079
1.1,4.7,53.780595
1.1,4.8,53.283965
1.1,4.9,52.949524
1.1,5.0,52.762609
1.1,5.1,52.708557
1.1,5.2,52.772704
1.1,5.3,52.940386
1.1,5.4,53.196940
1.1,5.5,53.527811
1.1,5.6,53.919858
1.1,5.7,54.360933
1.1,5.8,54.838907
1.1,5.9,55.341654
1.1,6.0,55.857046
1.1,6.1,56.372955
1.1,6.2,56.877253
1.1,6.3,57.357812
1.1,6.4,57.802519
1.1,6.5,58.204008
1.1,6.6,58.566743
1.1,6.7,58.896993
1.1,6.8,59.201028
1.1,6.9,59.485121
1.1,7.0,59.755540
1.1,7.1,60.018557
1.1,7.2,60.280442
1.1,7.3,60.547466
1.1,7.4,60.825900
1.1,7.5,61.122013
1.1,7.6,61.442077
1.1,7.7,61.792361
1.1,7.8,62.179137
1.1,7.9,62.608676
1.1,8.0,63.087247
1.2,0.0,60.686489
1.2,0.1,60.746763
1.2,0.2,60.899947
1.2,0.3,61.142252
1.2,0.4,61.469891
1.2,0.5,61.879076
1.2,0.6,62.366017
1.2,0.7,62.926927
1.2,0.8,63.558018
1.2,0.9,64.255502
1.2,1.0,65.015590
1.2,1.1,65.834494
1.2,1.2,66.708427
1.2,1.3,67.633599
1.2,1.4,68.606137
1.2,1.5,69.615585
1.2,1.6,70.640377
1.2,1.7,71.657876
1.2,1.8,72.645446
1.2,1.9,73.580503
1.2,2.0,74.441987
1.2,2.1,75.210587
1.2,2.2,75.867084
1.2,2.3,76.392262
1.2,2.4,76.766904
1.2,2.5,76.971790
1.2,2.6,76.987705
1.2,2.7,76.795430
1.2,2.8,76.380677
1.2,2.9,75.755435
1.2,3.0,74.940417
1.2,3.1,73.956345
1.2,3.2,72.823936
1.2,3.3,71.563911
1.2,3.4,70.196988
1.2,3.5,68.743888
1.2,3.6,67.225330
1.2,3.7,65.662033
1.2,3.8,64.074808
1.2,3.9,62.488366
1.2,4.1,60.932723
1.2,4.2,59.438274
1.2,4.3,58.035413
1.2,4.4,56.754536
1.2,4.5,55.626035
1.2,4.6,54.679396
1.2,4.7,53.923192
1.2,4.8,53.345119
1.2,4.9,52.931969
1.2,5.0,52.670532
1.2,5.1,52.547599
1.2,5.2,52.549959
1.2,5.3,52.664405
1.2,5.4,52.877726
1.2,5.5,53.176650
1.2,5.6,53.547080
1.2,5.7,53.974340
1.2,5.8,54.443742
1.2,5.9,54.940600
1.2,6.0,55.450224
1.2,6.1,55.957929
1.2,6.2,56.449025
1.2,6.3,56.908826
1.2,6.4,57.322659
1.2,6.5,57.681710
1.2,6.6,57.991740
1.2,6.7,58.260740
1.2,6.8,58.496703
1.2,6.9,58.707618
1.2,7.0,58.901479
1.2,7.1,59.086276
1.2,7.2,59.270001
1.2,7.3,59.460645
1.2,7.4,59.666200
1.2,7.5,59.894657
1.2,7.6,60.154007
1.2,7.7,60.452242
1.2,7.8,60.797353
1.2,7.9,61.197332
1.2,8.0,61.660171
1.3,0.0,60.319817
1.3,0.1,60.295916
1.3,0.2,60.413609
1.3,0.3,60.662312
1.3,0.4,61.031442
1.3,0.5,61.510417
1.3,0.6,62.088653
1.3,0.7,62.755567
1.3,0.8,63.500577
1.3,0.9,64.313099
1.3,1.0,65.182551
1.3,1.1,66.098349
1.3,1.2,67.049912
1.3,1.3,68.026654
1.3,1.4,69.018011
1.3,1.5,70.014657
1.3,1.6,71.009365
1.3,1.7,71.995108
1.3,1.8,72.964862
1.3,1.9,73.911301
1.3,2.0,74.818287
1.3,2.1,75.659605
1.3,2.2,76.408494
1.3,2.3,77.038190
1.3,2.4,77.521928
1.3,2.5,77.832946
1.3,2.6,77.944481
1.3,2.7,77.829768
1.3,2.8,77.468219
1.3,2.9,76.872169
1.3,3.0,76.064880
1.3,3.1,75.069623
1.3,3.2,73.909670
1.3,3.3,72.608292
1.3,3.4,71.188759
1.3,3.5,69.674342
1.3,3.6,68.088311
1.3,3.7,66.453939
1.3,3.8,64.794560
1.3,3.9,63.136254
1.3,4.1,61.508836
1.3,4.2,59.942386
1.3,4.3,58.466987
1.3,4.4,57.112718
1.3,4.5,55.909661
1.3,4.6,54.887022
1.3,4.7,54.053948
1.3,4.8,53.399554
1.3,4.9,52.912086
1.3,5.0,52.579792
1.3,5.1,52.390917
1.3,5.2,52.333708
1.3,5.3,52.396412
1.3,5.4,52.567276
1.3,5.5,52.834316
1.3,5.6,53.182570
1.3,5.7,53.594979
1.3,5.8,54.054445
1.3,5.9,54.543867
1.3,6.0,55.046145
1.3,6.1,55.544178
1.3,6.2,56.020868
1.3,6.3,56.459113
1.3,6.4,56.841832
1.3,6.5,57.158847
1.3,6.6,57.417158
1.3,6.7,57.626394
1.3,6.8,57.796184
1.3,6.9,57.936157
1.3,7.0,58.055942
1.3,7.1,58.165166
1.3,7.2,58.273460
1.3,7.3,58.390453
1.3,7.4,58.525771
1.3,7.5,58.689046
1.3,7.6,58.889905
1.3,7.7,59.137977
1.3,7.8,59.442891
1.3,7.9,59.814277
1.3,8.0,60.261761
1.4,0.0,59.872449
1.4,0.1,59.789842
1.4,0.2,59.891354
1.4,0.3,60.160259
1.4,0.4,60.579831
1.4,0.5,61.133342
1.4,0.6,61.804066
1.4,0.7,62.575277
1.4,0.8,63.430248
1.4,0.9,64.352251
1.4,1.0,65.324561
1.4,1.1,66.330451
1.4,1.2,67.353194
1.4,1.3,68.376064
1.4,1.4,69.382445
1.4,1.5,70.364253
1.4,1.6,71.327807
1.4,1.7,72.280810
1.4,1.8,73.230967
1.4,1.9,74.185357
1.4,2.0,75.132498
1.4,2.1,76.039704
1.4,2.2,76.873129
1.4,2.3,77.598928
1.4,2.4,78.183256
1.4,2.5,78.592268
1.4,2.6,78.792119
1.4,2.7,78.748962
1.4,2.8,78.436302
1.4,2.9,77.866823
1.4,3.0,77.066216
1.4,3.1,76.060182
1.4,3.2,74.874420
1.4,3.3,73.534632
1.4,3.4,72.066517
1.4,3.5,70.495776
1.4,3.6,68.848109
1.4,3.7,67.149216
1.4,3.8,65.424834
1.4,3.9,63.702297
1.4,4.1,62.011110
1.4,4.2,60.380931
1.4,4.3,58.841418
1.4,4.4,57.422231
1.4,4.5,56.153027
1.4,4.6,55.062630
1.4,4.7,54.160640
1.4,4.8,53.437467
1.4,4.9,52.882691
1.4,5.0,52.485888
1.4,5.1,52.236638
1.4,5.2,52.124518
1.4,5.3,52.139107
1.4,5.4,52.269982
1.4,5.5,52.506345
1.4,5.6,52.832469
1.4,5.7,53.229173
1.4,5.8,53.677202
1.4,5.9,54.157302
1.4,6.0,54.650220
1.4,6.1,55.136702
1.4,6.2,55.597493
1.4,6.3,56.013341
1.4,6.4,56.365011
1.4,6.5,56.641117
1.4,6.6,56.849799
1.4,6.7,57.002182
1.4,6.8,57.109392
1.4,6.9,57.182555
1.4,7.0,57.232798
1.4,7.1,57.271247
1.4,7.2,57.309027
1.4,7.3,57.357265
1.4,7.4,57.427087
1.4,7.5,57.529619
1.4,7.6,57.675987
1.4,7.7,57.877317
1.4,7.8,58.144735
1.4,7.9,58.489368
1.4,8.0,58.922341
1.5,0.0,59.368362
1.5,0.1,59.255108
1.5,0.2,59.360128
1.5,0.3,59.661541
1.5,0.4,60.137464
1.5,0.5,60.766014
1.5,0.6,61.525310
1.5,0.7,62.393469
1.5,0.8,63.348608
1.5,0.9,64.368847
1.5,1.0,65.432301
1.5,1.1,66.517090
1.5,1.2,67.601331
1.5,1.3,68.663142
1.5,1.4,69.680834
1.5,1.5,70.647604
1.5,1.6,71.581770
1.5,1.7,72.504072
1.5,1.8,73.435248
1.5,1.9,74.395122
1.5,2.0,75.376335
1.5,2.1,76.340478
1.5,2.2,77.247446
1.5,2.3,78.057131
1.5,2.4,78.729427
1.5,2.5,79.224229
1.5,2.6,79.501429
1.5,2.7,79.520922
1.5,2.8,79.250987
1.5,2.9,78.704626
1.5,3.0,77.909685
1.5,3.1,76.894020
1.5,3.2,75.685487
1.5,3.3,74.311942
1.5,3.4,72.801241
1.5,3.5,71.181241
1.5,3.6,69.479797
1.5,3.7,67.724766
1.5,3.8,65.944017
1.5,3.9,64.165989
1.5,4.1,62.419891
1.5,4.2,60.734992
1.5,4.3,59.140556
1.5,4.4,57.665851
1.5,4.5,56.340143
1.5,4.6,55.191891
1.5,4.7,54.231042
1.5,4.8,53.449058
1.5,4.9,52.836598
1.5,5.0,52.384321
1.5,5.1,52.082887
1.5,5.2,51.922956
1.5,5.3,51.895186
1.5,5.4,51.990238
1.5,5.5,52.198272
1.5,5.6,52.502921
1.5,5.7,52.883243
1.5,5.8,53.318199
1.5,5.9,53.786753
1.5,6.0,54.267865
1.5,6.1,54.740499
1.5,6.2,55.183615
1.5,6.3,55.576177
1.5,6.4,55.897169
1.5,6.5,56.134219
1.5,6.6,56.296464
1.5,6.7,56.396330
1.5,6.8,56.446244
1.5,6.9,56.458632
1.5,7.0,56.445921
1.5,7.1,56.420538
1.5,7.2,56.394909
1.5,7.3,56.381461
1.5,7.4,56.392621
1.5,7.5,56.440815
1.5,7.6,56.538470
1.5,7.7,56.698012
1.5,7.8,56.931868
1.5,7.9,57.252465
1.5,8.0,57.672230
1.6,0.0,58.831530
1.6,0.1,58.718283
1.6,0.2,58.846879
1.6,0.3,59.191605
1.6,0.4,59.726748
1.6,0.5,60.426596
1.6,0.6,61.265435
1.6,0.7,62.217553
1.6,0.8,63.257238
1.6,0.9,64.358775
1.6,1.0,65.496454
1.6,1.1,66.644560
1.6,1.2,67.777380
1.6,1.3,68.869204
1.6,1.4,69.894576
1.6,1.5,70.847941
1.6,1.6,71.757323
1.6,1.7,72.653985
1.6,1.8,73.569189
1.6,1.9,74.533044
1.6,2.0,75.541508
1.6,2.1,76.551524
1.6,2.2,77.517901
1.6,2.3,78.395449
1.6,2.4,79.138979
1.6,2.5,79.703300
1.6,2.6,80.043222
1.6,2.7,80.113554
1.6,2.8,79.878336
1.6,2.9,79.350807
1.6,3.0,78.560545
1.6,3.1,77.537138
1.6,3.2,76.310170
1.6,3.3,74.909231
1.6,3.4,73.363907
1.6,3.5,71.703785
1.6,3.6,69.958452
1.6,3.7,68.157495
1.6,3.8,66.330497
1.6,3.9,64.506819
1.6,4.1,62.715524
1.6,4.2,60.985654
1.6,4.3,59.346252
1.6,4.4,57.826358
1.6,4.5,56.455015
1.6,4.6,55.260476
1.6,4.7,54.252931
1.6,4.8,53.424525
1.6,4.9,52.766623
1.6,5.0,52.270590
1.6,5.1,51.927790
1.6,5.2,51.729588
1.6,5.3,51.667349
1.6,5.4,51.732437
1.6,5.5,51.915631
1.6,5.6,52.200066
1.6,5.7,52.563510
1.6,5.8,52.983624
1.6,5.9,53.438065
1.6,6.0,53.904494
1.6,6.1,54.360568
1.6,6.2,54.783947
1.6,6.3,55.152289
1.6,6.4,55.443280
1.6,6.5,55.643851
1.6,6.6,55.763955
1.6,6.7,55.817066
1.6,6.8,55.816658
1.6,6.9,55.776205
1.6,7.0,55.709181
1.6,7.1,55.629059
1.6,7.2,55.549313
1.6,7.3,55.483417
1.6,7.4,55.444845
1.6,7.5,55.447071
1.6,7.6,55.503568
1.6,7.7,55.627811
1.6,7.8,55.833273
1.6,7.9,56.133428
1.6,8.0,56.541751
1.7,0.0,58.285929
1.7,0.1,58.205936
1.7,0.2,58.378552
1.7,0.3,58.775897
1.7,0.4,59.370090
1.7,0.5,60.133250
1.7,0.6,61.037495
1.7,0.7,62.054943
1.7,0.8,63.157714
1.7,0.9,64.317927
1.7,1.0,65.507699
1.7,1.1,66.699150
1.7,1.2,67.864399
1.7,1.3,68.975564
1.7,1.4,70.005068
1.7,1.5,70.948495
1.7,1.6,71.840534
1.7,1.7,72.719642
1.7,1.8,73.624275
1.7,1.9,74.591573
1.7,2.0,75.619730
1.7,2.1,76.662436
1.7,2.2,77.670951
1.7,2.3,78.596536
1.7,2.4,79.390450
1.7,2.5,80.003953
1.7,2.6,80.388306
1.7,2.7,80.494768
1.7,2.8,80.284408
1.7,2.9,79.770594
1.7,3.0,78.984055
1.7,3.1,77.955534
1.7,3.2,76.715773
1.7,3.3,75.295511
1.7,3.4,73.725493
1.7,3.5,72.036458
1.7,3.6,70.259149
1.7,3.7,68.424307
1.7,3.8,66.562659
1.7,3.9,64.704279
1.7,4.1,62.878352
1.7,4.2,61.114003
1.7,4.3,59.440354
1.7,4.4,57.886530
1.7,4.5,56.481652
1.7,4.6,55.254059
1.7,4.7,54.214081
1.7,4.8,53.354066
1.7,4.9,52.665581
1.7,5.0,52.140194
1.7,5.1,51.769472
1.7,5.2,51.544982
1.7,5.3,51.458292
1.7,5.4,51.500970
1.7,5.5,51.663959
1.7,5.6,51.930046
1.7,5.7,52.276297
1.7,5.8,52.679661
1.7,5.9,53.117086
1.7,6.0,53.565519
1.7,6.1,54.001908
1.7,6.2,54.403201
1.7,6.3,54.746345
1.7,6.4,55.008316
1.7,6.5,55.175709
1.7,6.6,55.259073
1.7,6.7,55.272617
1.7,6.8,55.230554
1.7,6.9,55.147094
1.7,7.0,55.036449
1.7,7.1,54.912829
1.7,7.2,54.790445
1.7,7.3,54.683510
1.7,7.4,54.606233
1.7,7.5,54.572826
1.7,7.6,54.597499
1.7,7.7,54.694465
1.7,7.8,54.877933
1.7,7.9,55.162116
1.7,8.0,55.561224
1.8,0.0,57.752758
1.8,0.1,57.740813
1.8,0.2,57.977763
1.8,0.3,58.435487
1.8,0.4,59.085864
1.8,0.5,59.900771
1.8,0.6,60.852089
1.8,0.7,61.911695
1.8,0.8,63.051469
1.8,0.9,64.243288
1.8,1.0,65.459033
1.8,1.1,66.670580
1.8,1.2,67.849810
1.8,1.3,68.968601
1.8,1.4,69.999150
1.8,1.5,70.938007
1.8,1.6,71.822833
1.8,1.7,72.695246
1.8,1.8,73.596869
1.8,1.9,74.567934
1.8,2.0,75.607550
1.8,2.1,76.667848
1.8,2.2,77.698390
1.8,2.3,78.648736
1.8,2.4,79.468449
1.8,2.5,80.107091
1.8,2.6,80.514223
1.8,2.7,80.639407
1.8,2.8,80.442279
1.8,2.9,79.936183
1.8,3.0,79.152297
1.8,3.1,78.121810
1.8,3.2,76.875910
1.8,3.3,75.445786
1.8,3.4,73.862626
1.8,3.5,72.157620
1.8,3.6,70.361956
1.8,3.7,68.506822
1.8,3.8,66.623393
1.8,3.9,64.742210
1.8,4.1,62.892956
1.8,4.2,61.105253
1.8,4.3,59.408722
1.8,4.4,57.832985
1.8,4.5,56.407662
1.8,4.6,55.161572
1.8,4.7,54.105094
1.8,4.8,53.230198
1.8,4.9,52.528052
1.8,5.0,51.989828
1.8,5.1,51.606696
1.8,5.2,51.369826
1.8,5.3,51.270387
1.8,5.4,51.299551
1.8,5.5,51.447878
1.8,5.6,51.697979
1.8,5.7,52.026889
1.8,5.8,52.411524
1.8,5.9,52.828803
1.8,6.0,53.255643
1.8,6.1,53.668962
1.8,6.2,54.045679
1.8,6.3,54.362711
1.8,6.4,54.597002
1.8,6.5,54.735226
1.8,6.6,54.788267
1.8,6.7,54.770716
1.8,6.8,54.697163
1.8,6.9,54.582198
1.8,7.0,54.440409
1.8,7.1,54.286388
1.8,7.2,54.134724
1.8,7.3,54.000007
1.8,7.4,53.896826
1.8,7.5,53.839772
1.8,7.6,53.843434
1.8,7.7,53.922402
1.8,7.8,54.091266
1.8,7.9,54.364616
1.8,8.0,54.757041
1.9,0.0,57.237309
1.9,0.1,57.323780
1.9,0.2,57.642322
1.9,0.3,58.166363
1.9,0.4,58.869334
1.9,0.5,59.724662
1.9,0.6,60.705778
1.9,0.7,61.786110
1.9,0.8,62.939087
1.9,0.9,64.138139
1.9,1.0,65.356695
1.9,1.1,66.568184
1.9,1.2,67.746036
1.9,1.3,68.863678
1.9,1.4,69.894849
1.9,1.5,70.836777
1.9,1.6,71.726351
1.9,1.7,72.604282
1.9,1.8,73.511278
1.9,1.9,74.486680
1.9,2.0,75.529221
1.9,2.1,76.591249
1.9,2.2,77.622575
1.9,2.3,78.573007
1.9,2.4,79.392359
1.9,2.5,80.030440
1.9,2.6,80.437061
1.9,2.7,80.562033
1.9,2.8,80.365175
1.9,2.9,79.859673
1.9,3.0,79.076429
1.9,3.1,78.046355
1.9,3.2,76.800367
1.9,3.3,75.369376
1.9,3.4,73.784297
1.9,3.5,72.076043
1.9,3.6,70.275528
1.9,3.7,68.413665
1.9,3.8,66.521364
1.9,3.9,64.629364
1.9,4.1,62.768171
1.9,4.2,60.968275
1.9,4.3,59.260167
1.9,4.4,57.674337
1.9,4.5,56.241274
1.9,4.6,54.990628
1.9,4.7,53.932744
1.9,4.8,53.058692
1.9,4.9,52.358708
1.9,5.0,51.823025
1.9,5.1,51.441878
1.9,5.2,51.205501
1.9,5.3,51.104128
1.9,5.4,51.127995
1.9,5.5,51.266793
1.9,5.6,51.503127
1.9,5.7,51.814633
1.9,5.8,52.178841
1.9,5.9,52.573284
1.9,6.0,52.975492
1.9,6.1,53.362997
1.9,6.2,53.713331
1.9,6.3,54.004025
1.9,6.4,54.212637
1.9,6.5,54.326299
1.9,6.6,54.355973
1.9,6.7,54.316268
1.9,6.8,54.221790
1.9,6.9,54.087149
1.9,7.0,53.926950
1.9,7.1,53.755803
1.9,7.2,53.588316
1.9,7.3,53.439095
1.9,7.4,53.322749
1.9,7.5,53.253885
1.9,7.6,53.247111
1.9,7.7,53.317036
1.9,7.8,53.478267
1.9,7.9,53.745411
1.9,8.0,54.133076
2.0,0.0,56.739220
2.0,0.1,56.947924
2.0,0.2,57.361222
2.0,0.3,57.955603
2.0,0.4,58.707556
2.0,0.5,59.593569
2.0,0.6,60.590132
2.0,0.7,61.673731
2.0,0.8,62.820856
2.0,0.9,64.007995
2.0,1.0,65.211636
2.0,1.1,66.408269
2.0,1.2,67.574381
2.0,1.3,68.686461
2.0,1.4,69.721269
2.0,1.5,70.676314
2.0,1.6,71.584133
2.0,1.7,72.480637
2.0,1.8,73.401738
2.0,1.9,74.382080
2.0,2.0,75.418840
2.0,2.1,76.466380
2.0,2.2,77.476723
2.0,2.3,78.401894
2.0,2.4,79.193915
2.0,2.5,79.804811
2.0,2.6,80.186605
2.0,2.7,80.291321
2.0,2.8,80.080597
2.0,2.9,79.567345
2.0,3.0,78.781497
2.0,3.1,77.752994
2.0,3.2,76.511781
2.0,3.3,75.087801
2.0,3.4,73.510996
2.0,3.5,71.811309
2.0,3.6,70.018683
2.0,3.7,68.163062
2.0,3.8,66.274403
2.0,3.9,64.383346
2.0,4.1,62.521451
2.0,4.2,60.720346
2.0,4.3,59.011658
2.0,4.4,57.427015
2.0,4.5,55.998043
2.0,4.6,54.755478
2.0,4.7,53.709553
2.0,4.8,52.850038
2.0,4.9,52.165809
2.0,5.0,51.645746
2.0,5.1,51.278728
2.0,5.2,51.053635
2.0,5.3,50.959344
2.0,5.4,50.984736
2.0,5.5,51.118254
2.0,5.6,51.342668
2.0,5.7,51.636768
2.0,5.8,51.979259
2.0,5.9,52.348849
2.0,6.0,52.724242
2.0,6.1,53.084147
2.0,6.2,53.407268
2.0,6.3,53.672313
2.0,6.4,53.858013
2.0,6.5,53.952285
2.0,6.6,53.965912
2.0,6.7,53.913172
2.0,6.8,53.808344
2.0,6.9,53.665709
2.0,7.0,53.499544
2.0,7.1,53.324129
2.0,7.2,53.153743
2.0,7.3,53.002665
2.0,7.4,52.885175
2.0,7.5,52.815552
2.0,7.6,52.808074
2.0,7.7,52.877021
2.0,7.8,53.036672
2.0,7.9,53.301307
2.0,8.0,53.685204
2.1,0.0,56.258126
2.1,0.1,56.606322
2.1,0.2,57.123446
2.1,0.3,57.790272
2.1,0.4,58.587576
2.1,0.5,59.496132
2.1,0.6,60.496714
2.1,0.7,61.570099
2.1,0.8,62.697059
2.1,0.9,63.858371
2.1,1.0,65.034810
2.1,1.1,66.207148
2.1,1.2,67.356163
2.1,1.3,68.462628
2.1,1.4,69.507531
2.1,1.5,70.488146
2.1,1.6,71.429236
2.1,1.7,72.358215
2.1,1.8,73.302495
2.1,1.9,74.288416
2.1,2.0,75.310514
2.1,2.1,76.326992
2.1,2.2,77.294066
2.1,2.3,78.167953
2.1,2.4,78.904870
2.1,2.5,79.461033
2.1,2.6,79.792658
2.1,2.7,79.855963
2.1,2.8,79.616060
2.1,2.9,79.085495
2.1,3.0,78.292562
2.1,3.1,77.265565
2.1,3.2,76.032808
2.1,3.3,74.622593
2.1,3.4,73.063226
2.1,3.5,71.383010
2.1,3.6,69.610248
2.1,3.7,67.773245
2.1,3.8,65.900348
2.1,3.9,64.021770
2.1,4.1,62.170260
2.1,4.2,60.378751
2.1,4.3,58.680173
2.1,4.4,57.107457
2.1,4.5,55.693534
2.1,4.6,54.470380
2.1,4.7,53.448053
2.1,4.8,52.614726
2.1,4.9,51.957619
2.1,5.0,51.463957
2.1,5.1,51.120962
2.1,5.2,50.915856
2.1,5.3,50.835862
2.1,5.4,50.868203
2.1,5.5,50.999808
2.1,5.6,51.213778
2.1,5.7,51.490530
2.1,5.8,51.810422
2.1,5.9,52.153815
2.1,6.0,52.501070
2.1,6.1,52.832545
2.1,6.2,53.128602
2.1,6.3,53.369599
2.1,6.4,53.535921
2.1,6.5,53.616539
2.1,6.6,53.621802
2.1,6.7,53.565327
2.1,6.8,53.460732
2.1,6.9,53.321637
2.1,7.0,53.161658
2.1,7.1,52.994415
2.1,7.2,52.833524
2.1,7.3,52.692605
2.1,7.4,52.585276
2.1,7.5,52.525154
2.1,7.6,52.525857
2.1,7.7,52.601004
2.1,7.8,52.764213
2.1,7.9,53.029102
2.1,8.0,53.409289
2.2,0.0,55.793657
2.2,0.1,56.292053
2.2,0.2,56.917978
2.2,0.3,57.657438
2.2,0.4,58.496439
2.2,0.5,59.420988
2.2,0.6,60.417091
2.2,0.7,61.470754
2.2,0.8,62.567984
2.2,0.9,63.694787
2.2,1.0,64.837170
2.2,1.1,65.981138
2.2,1.2,67.112698
2.2,1.3,68.217857
2.2,1.4,69.282754
2.2,1.5,70.303796
2.2,1.6,71.294716
2.2,1.7,72.270916
2.2,1.8,73.247798
2.2,1.9,74.239967
2.2,2.0,75.238353
2.2,2.1,76.206841
2.2,2.2,77.107836
2.2,2.3,77.903745
2.2,2.4,78.556975
2.2,2.5,79.029932
2.2,2.6,79.285022
2.2,2.7,79.284653
2.2,2.8,78.999079
2.2,2.9,78.440420
2.2,3.0,77.634688
2.2,3.1,76.607907
2.2,3.2,75.386098
2.2,3.3,73.995286
2.2,3.4,72.461492
2.2,3.5,70.810740
2.2,3.6,69.069052
2.2,3.7,67.262451
2.2,3.8,65.417038
2.2,3.9,63.562251
2.2,4.1,61.732064
2.2,4.2,59.960778
2.2,4.3,58.282690
2.2,4.4,56.732101
2.2,4.5,55.343310
2.2,4.6,54.149594
2.2,4.7,53.160773
2.2,4.8,52.363249
2.2,4.9,51.742404
2.2,5.0,51.283624
2.2,5.1,50.972293
2.2,5.2,50.793793
2.2,5.3,50.733510
2.2,5.4,50.776828
2.2,5.5,50.909003
2.2,5.6,51.113633
2.2,5.7,51.373154
2.2,5.8,51.669973
2.2,5.9,51.986502
2.2,6.0,52.305150
2.2,6.1,52.608327
2.2,6.2,52.878443
2.2,6.3,53.097908
2.2,6.4,53.249153
2.2,6.5,53.322415
2.2,6.6,53.327361
2.2,6.7,53.276630
2.2,6.8,53.182861
2.2,6.9,53.058693
2.2,7.0,52.916764
2.2,7.1,52.769713
2.2,7.2,52.630180
2.2,7.3,52.510803
2.2,7.4,52.424221
2.2,7.5,52.383072
2.2,7.6,52.399996
2.2,7.7,52.487632
2.2,7.8,52.658618
2.2,7.9,52.925593
2.2,8.0,53.301196
2.3,0.0,55.345448
2.3,0.1,55.998196
2.3,0.2,56.733801
2.3,0.3,57.544166
2.3,0.4,58.421190
2.3,0.5,59.356776
2.3,0.6,60.342825
2.3,0.7,61.371237
2.3,0.8,62.433915
2.3,0.9,63.522759
2.3,1.0,64.629671
2.3,1.1,65.746552
2.3,1.2,66.865303
2.3,1.3,67.977826
2.3,1.4,69.076058
2.3,1.5,70.154791
2.3,1.6,71.213630
2.3,1.7,72.252641
2.3,1.8,73.271895
2.3,1.9,74.271014
2.3,2.0,75.236465
2.3,2.1,76.139678
2.3,2.2,76.951262
2.3,2.3,77.641827
2.3,2.4,78.181983
2.3,2.5,78.542337
2.3,2.6,78.693500
2.3,2.7,78.606082
2.3,2.8,78.257171
2.3,2.9,77.658416
2.3,3.0,76.832936
2.3,3.1,75.803857
2.3,3.2,74.594307
2.3,3.3,73.227411
2.3,3.4,71.726297
2.3,3.5,70.114092
2.3,3.6,68.413923
2.3,3.7,66.648915
2.3,3.8,64.842314
2.3,3.9,63.022404
2.3,4.1,61.224327
2.3,4.2,59.483713
2.3,4.3,57.836189
2.3,4.4,56.317388
2.3,4.5,54.962937
2.3,4.6,53.807377
2.3,4.7,52.860243
2.3,4.8,52.106100
2.3,4.9,51.528429
2.3,5.0,51.110713
2.3,5.1,50.836433
2.3,5.2,50.689074
2.3,5.3,50.652115
2.3,5.4,50.709040
2.3,5.5,50.843386
2.3,5.6,51.039410
2.3,5.7,51.281875
2.3,5.8,51.555556
2.3,5.9,51.845226
2.3,6.0,52.135658
2.3,6.1,52.411626
2.3,6.2,52.657903
2.3,6.3,52.859264
2.3,6.4,53.000500
2.3,6.5,53.073268
2.3,6.6,53.086310
2.3,6.7,53.050981
2.3,6.8,52.978638
2.3,6.9,52.880635
2.3,7.0,52.768329
2.3,7.1,52.653075
2.3,7.2,52.546228
2.3,7.3,52.459145
2.3,7.4,52.403179
2.3,7.5,52.389688
2.3,7.6,52.430027
2.3,7.7,52.535551
2.3,7.8,52.717616
2.3,7.9,52.987577
2.3,8.0,53.356791
2.4,0.0,54.913131
2.4,0.1,55.717828
2.4,0.2,56.559900
2.4,0.3,57.437523
2.4,0.4,58.348875
2.4,0.5,59.292136
2.4,0.6,60.265481
2.4,0.7,61.267089
2.4,0.8,62.295138
2.4,0.9,63.347805
2.4,1.0,64.423268
2.4,1.1,65.519705
2.4,1.2,66.635294
2.4,1.3,67.768212
2.4,1.4,68.916562
2.4,1.5,70.072656
2.4,1.6,71.219034
2.4,1.7,72.337293
2.4,1.8,73.409032
2.4,1.9,74.415838
2.4,2.0,75.338959
2.4,2.1,76.159258
2.4,2.2,76.857577
2.4,2.3,77.414759
2.4,2.4,77.811644
2.4,2.5,78.029076
2.4,2.6,78.047895
2.4,2.7,77.848943
2.4,2.8,77.417852
2.4,2.9,76.765781
2.4,3.0,75.912368
2.4,3.1,74.877256
2.4,3.2,73.680086
2.4,3.3,72.340502
2.4,3.4,70.878146
2.4,3.5,69.312661
2.4,3.6,67.663688
2.4,3.7,65.950871
2.4,3.8,64.194013
2.4,3.9,62.419845
2.4,4.1,60.664514
2.4,4.2,58.964842
2.4,4.3,57.357648
2.4,4.4,55.879753
2.4,4.5,54.567978
2.4,4.6,53.457990
2.4,4.7,52.558993
2.4,4.8,51.853770
2.4,4.9,51.323956
2.4,5.0,50.951187
2.4,5.1,50.717099
2.4,5.2,50.603326
2.4,5.3,50.591505
2.4,5.4,50.663270
2.4,5.5,50.800504
2.4,5.6,50.988283
2.4,5.7,51.213931
2.4,5.8,51.464815
2.4,5.9,51.728305
2.4,6.0,51.991769
2.4,6.1,52.242576
2.4,6.2,52.468094
2.4,6.3,52.655692
2.4,6.4,52.792754
2.4,6.5,52.872452
2.4,6.6,52.902366
2.4,6.7,52.892278
2.4,6.8,52.851970
2.4,6.9,52.791224
2.4,7.0,52.719824
2.4,7.1,52.647551
2.4,7.2,52.584188
2.4,7.3,52.539518
2.4,7.4,52.523322
2.4,7.5,52.545384
2.4,7.6,52.615485
2.4,7.7,52.743409
2.4,7.8,52.938937
2.4,7.9,53.211852
2.4,8.0,53.571936
2.5,0.0,54.496339
2.5,0.1,55.444028
2.5,0.2,56.385256
2.5,0.3,57.324575
2.5,0.4,58.266540
2.5,0.5,59.215705
2.5,0.6,60.176623
2.5,0.7,61.153849
2.5,0.8,62.151937
2.5,0.9,63.175441
2.5,1.0,64.228915
2.5,1.1,65.316913
2.5,1.2,66.443988
2.5,1.3,67.614695
2.5,1.4,68.833386
2.5,1.5,70.088916
2.5,1.6,71.343985
2.5,1.7,72.558773
2.5,1.8,73.693458
2.5,1.9,74.708718
2.5,2.0,75.579942
2.5,2.1,76.299334
2.5,2.2,76.860012
2.5,2.3,77.255098
2.5,2.4,77.477712
2.5,2.5,77.520975
2.5,2.6,77.378007
2.5,2.7,77.041930
2.5,2.8,76.508636
2.5,2.9,75.788811
2.5,3.0,74.898047
2.5,3.1,73.851941
2.5,3.2,72.666091
2.5,3.3,71.356092
2.5,3.4,69.937543
2.5,3.5,68.426039
2.5,3.6,66.837177
2.5,3.7,65.186555
2.5,3.8,63.489976
2.5,3.9,61.772187
2.5,4.1,60.070089
2.5,4.2,58.421452
2.5,4.3,56.864045
2.5,4.4,55.435637
2.5,4.5,54.173998
2.5,4.6,53.115689
2.5,4.7,52.269553
2.5,4.8,51.616753
2.5,4.9,51.137252
2.5,5.0,50.811014
2.5,5.1,50.618002
2.5,5.2,50.538178
2.5,5.3,50.551506
2.5,5.4,50.637950
2.5,5.5,50.777905
2.5,5.6,50.957430
2.5,5.7,51.166556
2.5,5.8,51.395394
2.5,5.9,51.634058
2.5,6.0,51.872659
2.5,6.1,52.101311
2.5,6.2,52.310125
2.5,6.3,52.489215
2.5,6.4,52.628705
2.5,6.5,52.723323
2.5,6.6,52.779249
2.5,6.7,52.804418
2.5,6.8,52.806763
2.5,6.9,52.794218
2.5,7.0,52.774717
2.5,7.1,52.756192
2.5,7.2,52.746579
2.5,7.3,52.753810
2.5,7.4,52.785819
2.5,7.5,52.850540
2.5,7.6,52.955906
2.5,7.7,53.109851
2.5,7.8,53.320309
2.5,7.9,53.595214
2.5,8.0,53.942498
2.6,0.0,54.094704
2.6,0.1,55.169874
2.6,0.2,56.198853
2.6,0.3,57.192389
2.6,0.4,58.161229
2.6,0.5,59.116122
2.6,0.6,60.067816
2.6,0.7,61.027059
2.6,0.8,62.004600
2.6,0.9,63.011186
2.6,1.0,64.057566
2.6,1.1,65.154489
2.6,1.2,66.312701
2.6,1.3,67.542952
2.6,1.4,68.855648
2.6,1.5,70.235096
2.6,1.6,71.621540
2.6,1.7,72.950981
2.6,1.8,74.159420
2.6,1.9,75.183935
2.6,2.0,75.993525
2.6,2.1,76.593658
2.6,2.2,76.991797
2.6,2.3,77.195403
2.6,2.4,77.211937
2.6,2.5,77.048863
2.6,2.6,76.713641
2.6,2.7,76.213734
2.6,2.8,75.557041
2.6,2.9,74.753802
2.6,3.0,73.815034
2.6,3.1,72.751752
2.6,3.2,71.574973
2.6,3.3,70.295714
2.6,3.4,68.924991
2.6,3.5,67.473820
2.6,3.6,65.953217
2.6,3.7,64.374201
2.6,3.8,62.748041
2.6,3.9,61.097046
2.6,4.1,59.458517
2.6,4.2,57.870830
2.6,4.3,56.372359
2.6,4.4,55.001478
2.6,4.5,53.796562
2.6,4.6,52.794735
2.6,4.7,52.004453
2.6,4.8,51.405541
2.6,4.9,50.976581
2.6,5.0,50.696159
2.6,5.1,50.542857
2.6,5.2,50.495258
2.6,5.3,50.531948
2.6,5.4,50.631509
2.6,5.5,50.773136
2.6,5.6,50.944026
2.6,5.7,51.136985
2.6,5.8,51.344936
2.6,5.9,51.560801
2.6,6.0,51.777503
2.6,6.1,51.987965
2.6,6.2,52.185110
2.6,6.3,52.361860
2.6,6.4,52.511147
2.6,6.5,52.629235
2.6,6.6,52.720679
2.6,6.7,52.791301
2.6,6.8,52.846926
2.6,6.9,52.893377
2.6,7.0,52.936477
2.6,7.1,52.982050
2.6,7.2,53.035919
2.6,7.3,53.103908
2.6,7.4,53.191839
2.6,7.5,53.305537
2.6,7.6,53.450825
2.6,7.7,53.633526
2.6,7.8,53.859463
2.6,7.9,54.134460
2.6,8.0,54.464341
2.7,0.0,53.707859
2.7,0.1,54.888445
2.7,0.2,55.989676
2.7,0.3,57.028031
2.7,0.4,58.019988
2.7,0.5,58.982026
2.7,0.6,59.930623
2.7,0.7,60.882259
2.7,0.8,61.853410
2.7,0.9,62.860557
2.7,1.0,63.920177
2.7,1.1,65.048748
2.7,1.2,66.262750
2.7,1.3,67.578661
2.7,1.4,69.012469
2.7,1.5,70.542721
2.7,1.6,72.084755
2.7,1.7,73.547821
2.7,1.8,74.841167
2.7,1.9,75.875770
2.7,2.0,76.613815
2.7,2.1,77.075985
2.7,2.2,77.286164
2.7,2.3,77.268232
2.7,2.4,77.046073
2.7,2.5,76.643567
2.7,2.6,76.084598
2.7,2.7,75.393047
2.7,2.8,74.590581
2.7,2.9,73.687052
2.7,3.0,72.688391
2.7,3.1,71.600527
2.7,3.2,70.429387
2.7,3.3,69.180900
2.7,3.4,67.860994
2.7,3.5,66.475597
2.7,3.6,65.030638
2.7,3.7,63.532044
2.7,3.8,61.986049
2.7,3.9,60.412037
2.7,4.1,58.847263
2.7,4.2,57.330262
2.7,4.3,55.899568
2.7,4.4,54.593713
2.7,4.5,53.451233
2.7,4.6,52.509386
2.7,4.7,51.776223
2.7,4.8,51.230625
2.7,4.9,50.850208
2.7,5.0,50.612586
2.7,5.1,50.495377
2.7,5.2,50.476195
2.7,5.3,50.532657
2.7,5.4,50.642377
2.7,5.5,50.783746
2.7,5.6,50.945248
2.7,5.7,51.122456
2.7,5.8,51.311085
2.7,5.9,51.506852
2.7,6.0,51.705476
2.7,6.1,51.902672
2.7,6.2,52.094157
2.7,6.3,52.275649
2.7,6.4,52.442870
2.7,6.5,52.593543
2.7,6.6,52.730373
2.7,6.7,52.856825
2.7,6.8,52.976366
2.7,6.9,53.092460
2.7,7.0,53.208575
2.7,7.1,53.328176
2.7,7.2,53.454728
2.7,7.3,53.591699
2.7,7.4,53.742553
2.7,7.5,53.910757
2.7,7.6,54.099777
2.7,7.7,54.313078
2.7,7.8,54.554127
2.7,7.9,54.826389
2.7,8.0,55.133330
2.9,0.0,53.335437
2.9,0.1,54.592817
2.9,0.2,55.746706
2.9,0.3,56.818567
2.9,0.4,57.829862
2.9,0.5,58.802056
2.9,0.6,59.756610
2.9,0.7,60.714989
2.9,0.8,61.698654
2.9,0.9,62.729070
2.9,1.0,63.827700
2.9,1.1,65.016006
2.9,1.2,66.315452
2.9,1.3,67.747500
2.9,1.4,69.332969
2.9,1.5,71.043318
2.9,1.6,72.766688
2.9,1.7,74.383193
2.9,1.8,75.772944
2.9,1.9,76.818503
2.9,2.0,77.474920
2.9,2.1,77.780068
2.9,2.2,77.776343
2.9,2.3,77.506145
2.9,2.4,77.011870
2.9,2.5,76.335916
2.9,2.6,75.520681
2.9,2.7,74.608564
2.9,2.8,73.636773
2.9,2.9,72.614857
2.9,3.0,71.543181
2.9,3.1,70.422104
2.9,3.2,69.251985
2.9,3.3,68.033183
2.9,3.4,66.766056
2.9,3.5,65.450964
2.9,3.6,64.088266
2.9,3.7,62.678320
2.9,3.8,61.221838
2.9,3.9,59.734774
2.9,4.1,58.253792
2.9,4.2,56.817036
2.9,4.3,55.462651
2.9,4.4,54.228783
2.9,4.5,53.153576
2.9,4.6,52.273900
2.9,4.7,51.597393
2.9,4.8,51.102499
2.9,4.9,50.766396
2.9,5.0,50.566263
2.9,5.1,50.479277
2.9,5.2,50.482616
2.9,5.3,50.553460
2.9,5.4,50.668986
2.9,5.5,50.807280
2.9,5.6,50.958272
2.9,5.7,51.120203
2.9,5.8,51.291485
2.9,5.9,51.470531
2.9,6.0,51.655753
2.9,6.1,51.845565
2.9,6.2,52.038379
2.9,6.3,52.232608
2.9,6.4,52.426665
2.9,6.5,52.619602
2.9,6.6,52.812051
2.9,6.7,53.004888
2.9,6.8,53.198988
2.9,6.9,53.395226
2.9,7.0,53.594478
2.9,7.1,53.797620
2.9,7.2,54.005525
2.9,7.3,54.219071
2.9,7.4,54.439131
2.9,7.5,54.666582
2.9,7.6,54.902299
2.9,7.7,55.147156
2.9,7.8,55.402030
2.9,7.9,55.667796
2.9,8.0,55.945329
3.0,0.0,52.978657
3.0,0.1,54.278099
3.0,0.2,55.461169
3.0,0.3,56.553307
3.0,0.4,57.579951
3.0,0.5,58.566539
3.0,0.6,59.538512
3.0,0.7,60.521306
3.0,0.8,61.540362
3.0,0.9,62.621117
3.0,1.0,63.789011
3.0,1.1,65.069482
3.0,1.2,66.487969
3.0,1.3,68.069911
3.0,1.4,69.839939
3.0,1.5,71.761025
3.0,1.6,73.692053
3.0,1.7,75.481877
3.0,1.8,76.979349
3.0,1.9,78.036555
3.0,2.0,78.601217
3.0,2.1,78.730333
3.0,2.2,78.486870
3.0,2.3,77.933796
3.0,2.4,77.134078
3.0,2.5,76.150684
3.0,2.6,75.046581
3.0,2.7,73.884736
3.0,2.8,72.719649
3.0,2.9,71.560664
3.0,3.0,70.402136
3.0,3.1,69.238409
3.0,3.2,68.063828
3.0,3.3,66.872736
3.0,3.4,65.659479
3.0,3.5,64.418400
3.0,3.6,63.143845
3.0,3.7,61.830158
3.0,3.8,60.472082
3.0,3.9,59.081616
3.0,4.1,57.694204
3.0,4.2,56.346966
3.0,4.3,55.077022
3.0,4.4,53.921494
3.0,4.5,52.917501
3.0,4.6,52.100916
3.0,4.7,51.478964
3.0,4.8,51.030264
3.0,4.9,50.732196
3.0,5.0,50.562138
3.0,5.1,50.497470
3.0,5.2,50.515572
3.0,5.3,50.593821
3.0,5.4,50.709598
3.0,5.5,50.841287
3.0,5.6,50.980409
3.0,5.7,51.127699
3.0,5.8,51.284083
3.0,5.9,51.450489
3.0,6.0,51.627843
3.0,6.1,51.817071
3.0,6.2,52.019100
3.0,6.3,52.234855
3.0,6.4,52.465262
3.0,6.5,52.710509
3.0,6.6,52.968950
3.0,6.7,53.238660
3.0,6.8,53.517713
3.0,6.9,53.804183
3.0,7.0,54.096146
3.0,7.1,54.391674
3.0,7.2,54.688844
3.0,7.3,54.985728
3.0,7.4,55.280402
3.0,7.5,55.570940
3.0,7.6,55.855416
3.0,7.7,56.131905
3.0,7.8,56.398481
3.0,7.9,56.653219
3.0,8.0,56.894192
3.1,0.0,52.660231
3.1,0.1,53.966870
3.1,0.2,55.154642
3.1,0.3,56.251942
3.1,0.4,57.287161
3.1,0.5,58.288693
3.1,0.6,59.284932
3.1,0.7,60.304270
3.1,0.8,61.375100
3.1,0.9,62.525815
3.1,1.0,63.784809
3.1,1.1,65.180474
3.1,1.2,66.741204
3.1,1.3,68.495392
3.1,1.4,70.470464
3.1,1.5,72.619938
3.1,1.6,74.772569
3.1,1.7,76.745090
3.1,1.8,78.354237
3.1,1.9,79.420784
3.1,2.0,79.885233
3.1,2.1,79.824875
3.1,2.2,79.324475
3.1,2.3,78.468796
3.1,2.4,77.342603
3.1,2.5,76.030662
3.1,2.6,74.617737
3.1,2.7,73.188592
3.1,2.8,71.816057
3.1,2.9,70.509317
3.1,3.0,69.256429
3.1,3.1,68.045436
3.1,3.2,66.864382
3.1,3.3,65.701311
3.1,3.4,64.544266
3.1,3.5,63.381290
3.1,3.6,62.200426
3.1,3.7,60.989719
3.1,3.8,59.737655
3.1,3.9,58.451891
3.1,4.1,57.166132
3.1,4.2,55.915948
3.1,4.3,54.736907
3.1,4.4,53.664575
3.1,4.5,52.734523
3.1,4.6,51.981118
3.1,4.7,51.411210
3.1,4.8,51.004171
3.1,4.9,50.738180
3.1,5.0,50.591414
3.1,5.1,50.542054
3.1,5.2,50.568278
3.1,5.3,50.648266
3.1,5.4,50.760196
3.1,5.5,50.883314
3.1,5.6,51.010804
3.1,5.7,51.145629
3.1,5.8,51.290951
3.1,5.9,51.449937
3.1,6.0,51.625749
3.1,6.1,51.821552
3.1,6.2,52.040510
3.1,6.3,52.285787
3.1,6.4,52.560543
3.1,6.5,52.865879
3.1,6.6,53.197779
3.1,6.7,53.551446
3.1,6.8,53.922080
3.1,6.9,54.304884
3.1,7.0,54.695058
3.1,7.1,55.087805
3.1,7.2,55.478326
3.1,7.3,55.861822
3.1,7.4,56.233495
3.1,7.5,56.588546
3.1,7.6,56.922177
3.1,7.7,57.229590
3.1,7.8,57.505985
3.1,7.9,57.746565
3.1,8.0,57.946531
3.2,0.0,52.418335
3.2,0.1,53.701481
3.2,0.2,54.870546
3.2,0.3,55.956026
3.2,0.4,56.988414
3.2,0.5,57.998205
3.2,0.6,59.015894
3.2,0.7,60.071976
3.2,0.8,61.196944
3.2,0.9,62.421293
3.2,1.0,63.775519
3.2,1.1,65.290115
3.2,1.2,66.995576
3.2,1.3,68.922397
3.2,1.4,71.099954
3.2,1.5,73.472156
3.2,1.6,75.838639
3.2,1.7,77.985136
3.2,1.8,79.697379
3.2,1.9,80.765939
3.2,2.0,81.124620
3.2,2.1,80.870879
3.2,2.2,80.111113
3.2,2.3,78.951721
3.2,2.4,77.499099
3.2,2.5,75.859646
3.2,2.6,74.139760
3.2,2.7,72.445838
3.2,2.8,70.868891
3.2,2.9,69.417879
3.2,3.0,68.074521
3.2,3.1,66.820520
3.2,3.2,65.637581
3.2,3.3,64.507405
3.2,3.4,63.411695
3.2,3.5,62.332154
3.2,3.6,61.250485
3.2,3.7,60.148392
3.2,3.8,59.008062
3.2,3.9,57.832673
3.2,4.1,56.653922
3.2,4.2,55.505546
3.2,4.3,54.421282
3.2,4.4,53.434866
3.2,4.5,52.580035
3.2,4.6,51.889391
3.2,4.7,51.369497
3.2,4.8,51.000912
3.2,4.9,50.763068
3.2,5.0,50.635400
3.2,5.1,50.597338
3.2,5.2,50.628316
3.2,5.3,50.707767
3.2,5.4,50.815122
3.2,5.5,50.930907
3.2,5.6,51.049924
3.2,5.7,51.176989
3.2,5.8,51.317126
3.2,5.9,51.475359
3.2,6.0,51.656711
3.2,6.1,51.866206
3.2,6.2,52.108868
3.2,6.3,52.389720
3.2,6.4,52.713778
3.2,6.5,53.082817
3.2,6.6,53.490548
3.2,6.7,53.929451
3.2,6.8,54.392002
3.2,6.9,54.870681
3.2,7.0,55.357965
3.2,7.1,55.846333
3.2,7.2,56.328264
3.2,7.3,56.796236
3.2,7.4,57.242726
3.2,7.5,57.660214
3.2,7.6,58.041177
3.2,7.7,58.378094
3.2,7.8,58.663443
3.2,7.9,58.889703
3.2,8.0,59.049351
3.3,0.0,52.291488
3.3,0.1,53.524719
3.3,0.2,54.652783
3.3,0.3,55.707594
3.3,0.4,56.721070
3.3,0.5,57.725124
3.3,0.6,58.751672
3.3,0.7,59.832631
3.3,0.8,60.999914
3.3,0.9,62.285439
3.3,1.0,63.721119
3.3,1.1,65.338872
3.3,1.2,67.170611
3.3,1.3,69.248253
3.3,1.4,71.602461
3.3,1.5,74.168199
3.3,1.6,76.718882
3.3,1.7,79.012359
3.3,1.8,80.806480
3.3,1.9,81.864653
3.3,2.0,82.114942
3.3,2.1,81.673529
3.3,2.2,80.666879
3.3,2.3,79.221454
3.3,2.4,77.463718
3.3,2.5,75.520133
3.3,2.6,73.517163
3.3,2.7,71.581271
3.3,2.8,69.820299
3.3,2.9,68.242803
3.3,3.0,66.824375
3.3,3.1,65.540588
3.3,3.2,64.367012
3.3,3.3,63.279221
3.3,3.4,62.252785
3.3,3.5,61.263277
3.3,3.6,60.286267
3.3,3.7,59.297329
3.3,3.8,58.272559
3.3,3.9,57.210766
3.3,4.1,56.141622
3.3,4.2,55.097004
3.3,4.3,54.108789
3.3,4.4,53.208855
3.3,4.5,52.429079
3.3,4.6,51.800276
3.3,4.7,51.328858
3.3,4.8,50.996876
3.3,4.9,50.785321
3.3,5.0,50.675185
3.3,5.1,50.647462
3.3,5.2,50.683142
3.3,5.3,50.763218
3.3,5.4,50.868683
3.3,5.5,50.981614
3.3,5.6,51.098263
3.3,5.7,51.224827
3.3,5.8,51.367710
3.3,5.9,51.533313
3.3,6.0,51.728040
3.3,6.1,51.958294
3.3,6.2,52.230476
3.3,6.3,52.550990
3.3,6.4,52.926228
3.3,6.5,53.358377
3.3,6.6,53.839166
3.3,6.7,54.358724
3.3,6.8,54.907178
3.3,6.9,55.474657
3.3,7.0,56.051289
3.3,7.1,56.627202
3.3,7.2,57.192524
3.3,7.3,57.737384
3.3,7.4,58.251910
3.3,7.5,58.726230
3.3,7.6,59.150473
3.3,7.7,59.514766
3.3,7.8,59.809237
3.3,7.9,60.024016
3.3,8.0,60.149230
3.4,0.0,52.318205
3.4,0.1,53.479369
3.4,0.2,54.545252
3.4,0.3,55.548683
3.4,0.4,56.522489
3.4,0.5,57.499499
3.4,0.6,58.512541
3.4,0.7,59.594442
3.4,0.8,60.778032
3.4,0.9,62.096139
3.4,1.0,63.581589
3.4,1.1,65.267212
3.4,1.2,67.185836
3.4,1.3,69.370289
3.4,1.4,71.852038
3.4,1.5,74.558583
3.4,1.6,77.241913
3.4,1.7,79.637107
3.4,1.8,81.479243
3.4,1.9,82.509562
3.4,2.0,82.651762
3.4,2.1,82.038011
3.4,2.2,80.811865
3.4,2.3,79.116880
3.4,2.4,77.096613
3.4,2.5,74.894620
3.4,2.6,72.654459
3.4,2.7,70.519686
3.4,2.8,68.612428
3.4,2.9,66.940543
3.4,3.0,65.473955
3.4,3.1,64.182563
3.4,3.2,63.036267
3.4,3.3,62.004965
3.4,3.4,61.058556
3.4,3.5,60.166940
3.4,3.6,59.300015
3.4,3.7,58.427681
3.4,3.8,57.520402
3.4,3.9,56.572977
3.4,4.1,55.613286
3.4,4.2,54.671570
3.4,4.3,53.778071
3.4,4.4,52.963032
3.4,4.5,52.256696
3.4,4.6,51.688309
3.4,4.7,51.264330
3.4,4.8,50.968455
3.4,4.9,50.783396
3.4,5.0,50.691861
3.4,5.1,50.676563
3.4,5.2,50.720211
3.4,5.3,50.805515
3.4,5.4,50.915187
3.4,5.5,51.032981
3.4,5.6,51.156315
3.4,5.7,51.292190
3.4,5.8,51.447805
3.4,5.9,51.630358
3.4,6.0,51.847049
3.4,6.1,52.105076
3.4,6.2,52.411638
3.4,6.3,52.773934
3.4,6.4,53.199150
3.4,6.5,53.689610
3.4,6.6,54.235540
3.4,6.7,54.825315
3.4,6.8,55.447309
3.4,6.9,56.089897
3.4,7.0,56.741454
3.4,7.1,57.390354
3.4,7.2,58.024972
3.4,7.3,58.633684
3.4,7.4,59.204863
3.4,7.5,59.726884
3.4,7.6,60.188123
3.4,7.7,60.576953
3.4,7.8,60.881750
3.4,7.9,61.090888
3.4,8.0,61.192742
3.5,0.0,52.537005
3.5,0.1,53.608217
3.5,0.2,54.591856
3.5,0.3,55.521326
3.5,0.4,56.430032
3.5,0.5,57.351379
3.5,0.6,58.318773
3.5,0.7,59.365618
3.5,0.8,60.525318
3.5,0.9,61.831280
3.5,1.0,63.316907
3.5,1.1,65.015605
3.5,1.2,66.960779
3.5,1.3,69.185834
3.5,1.4,71.722739
3.5,1.5,74.493827
3.5,1.6,77.236350
3.5,1.7,79.669725
3.5,1.8,81.513372
3.5,1.9,82.493298
3.5,2.0,82.530646
3.5,2.1,81.769510
3.5,2.2,80.366163
3.5,2.3,78.476880
3.5,2.4,76.257936
3.5,2.5,73.865605
3.5,2.6,71.456162
3.5,2.7,69.185881
3.5,2.8,67.187425
3.5,2.9,65.467552
3.5,3.0,63.991223
3.5,3.1,62.723372
3.5,3.2,61.628933
3.5,3.3,60.672840
3.5,3.4,59.820027
3.5,3.5,59.035427
3.5,3.6,58.283974
3.5,3.7,57.530602
3.5,3.8,56.740845
3.5,3.9,55.906109
3.5,4.1,55.052963
3.5,4.2,54.210489
3.5,4.3,53.407770
3.5,4.4,52.673888
3.5,4.5,52.037925
3.5,4.6,51.528030
3.5,4.7,51.150947
3.5,4.8,50.892041
3.5,4.9,50.735752
3.5,5.0,50.666519
3.5,5.1,50.668782
3.5,5.2,50.726980
3.5,5.3,50.825552
3.5,5.4,50.948939
3.5,5.5,51.082555
3.5,5.6,51.224576
3.5,5.7,51.382125
3.5,5.8,51.562514
3.5,5.9,51.773051
3.5,6.0,52.021047
3.5,6.1,52.313812
3.5,6.2,52.658655
3.5,6.3,53.062887
3.5,6.4,53.533803
3.5,6.5,54.073568
3.5,6.6,54.671577
3.5,6.7,55.315273
3.5,6.8,55.992094
3.5,6.9,56.689484
3.5,7.0,57.394883
3.5,7.1,58.095733
3.5,7.2,58.779474
3.5,7.3,59.433549
3.5,7.4,60.045398
3.5,7.5,60.602462
3.5,7.6,61.092184
3.5,7.7,61.502003
3.5,7.8,61.819363
3.5,7.9,62.031703
3.5,8.0,62.126465
3.6,0.0,52.986405
3.6,0.1,53.954049
3.6,0.2,54.836495
3.6,0.3,55.667558
3.6,0.4,56.481059
3.6,0.5,57.310815
3.6,0.6,58.190643
3.6,0.7,59.154363
3.6,0.8,60.235793
3.6,0.9,61.468750
3.6,1.0,62.887052
3.6,1.1,64.524519
3.6,1.2,66.414967
3.6,1.3,68.592215
3.6,1.4,71.088615
3.6,1.5,73.824449
3.6,1.6,76.530808
3.6,1.7,78.920560
3.6,1.8,80.706570
3.6,1.9,81.608495
3.6,2.0,81.547157
3.6,2.1,80.673210
3.6,2.2,79.149866
3.6,2.3,77.140339
3.6,2.4,74.807841
3.6,2.5,72.315585
3.6,2.6,69.826785
3.6,2.7,67.504652
3.6,2.8,65.487437
3.6,2.9,63.780282
3.6,3.0,62.344141
3.6,3.1,61.139939
3.6,3.2,60.128602
3.6,3.3,59.271053
3.6,3.4,58.528217
3.6,3.5,57.861021
3.6,3.6,57.230388
3.6,3.7,56.597243
3.6,3.8,55.923145
3.6,3.9,55.196967
3.6,4.1,54.444705
3.6,4.2,53.695008
3.6,4.3,52.976527
3.6,4.4,52.317910
3.6,4.5,51.747808
3.6,4.6,51.293978
3.6,4.7,50.963745
3.6,4.8,50.744025
3.6,4.9,50.620849
3.6,5.0,50.580249
3.6,5.1,50.608257
3.6,5.2,50.690905
3.6,5.3,50.814224
3.6,5.4,50.964246
3.6,5.5,51.127883
3.6,5.6,51.303539
3.6,5.7,51.497679
3.6,5.8,51.716939
3.6,5.9,51.967950
3.6,6.0,52.257347
3.6,6.1,52.591763
3.6,6.2,52.977831
3.6,6.3,53.422185
3.6,6.4,53.931445
3.6,6.5,54.507303
3.6,6.6,55.139186
3.6,6.7,55.814646
3.6,6.8,56.521235
3.6,6.9,57.246502
3.6,7.0,57.978001
3.6,7.1,58.703282
3.6,7.2,59.409896
3.6,7.3,60.085395
3.6,7.4,60.717330
3.6,7.5,61.293253
3.6,7.6,61.800714
3.6,7.7,62.227265
3.6,7.8,62.560458
3.6,7.9,62.787843
3.6,8.0,62.896973
3.7,0.0,53.704921
3.7,0.1,54.559652
3.7,0.2,55.323070
3.7,0.3,56.029416
3.7,0.4,56.712931
3.7,0.5,57.407854
3.7,0.6,58.148426
3.7,0.7,58.968887
3.7,0.8,59.903476
3.7,0.9,60.986435
3.7,1.0,62.252003
3.7,1.1,63.734420
3.7,1.2,65.467926
3.7,1.3,67.486763
3.7,1.4,69.823721
3.7,1.5,72.400965
3.7,1.6,74.953905
3.7,1.7,77.199959
3.7,1.8,78.856541
3.7,1.9,79.647789
3.7,2.0,79.496860
3.7,2.1,78.554297
3.7,2.2,76.983067
3.7,2.3,74.946139
3.7,2.4,72.606480
3.7,2.5,70.127058
3.7,2.6,67.670840
3.7,2.7,65.400795
3.7,2.8,63.454611
3.7,2.9,61.835187
3.7,3.0,60.500673
3.7,3.1,59.409191
3.7,3.2,58.518861
3.7,3.3,57.787806
3.7,3.4,57.174147
3.7,3.5,56.636004
3.7,3.6,56.131500
3.7,3.7,55.618756
3.7,3.8,55.056557
3.7,3.9,54.432356
3.7,4.1,53.772563
3.7,4.2,53.106374
3.7,4.3,52.462985
3.7,4.4,51.871590
3.7,4.5,51.361385
3.7,4.6,50.960692
3.7,4.7,50.677759
3.7,4.8,50.500797
3.7,4.9,50.417144
3.7,5.0,50.414141
3.7,5.1,50.479127
3.7,5.2,50.599442
3.7,5.3,50.762425
3.7,5.4,50.955416
3.7,5.5,51.166512
3.7,5.6,51.393699
3.7,5.7,51.641900
3.7,5.8,51.916182
3.7,5.9,52.221613
3.7,6.0,52.563260
3.7,6.1,52.946189
3.7,6.2,53.375469
3.7,6.3,53.856166
3.7,6.4,54.393336
3.7,6.5,54.987867
3.7,6.6,55.630274
3.7,6.7,56.309486
3.7,6.8,57.014430
3.7,6.9,57.734036
3.7,7.0,58.457231
3.7,7.1,59.172944
3.7,7.2,59.870104
3.7,7.3,60.537638
3.7,7.4,61.164475
3.7,7.5,61.739543
3.7,7.6,62.251771
3.7,7.7,62.690086
3.7,7.8,63.043418
3.7,7.9,63.300694
3.7,8.0,63.450843
3.8,0.0,54.728963
3.8,0.1,55.465756
3.8,0.2,56.093559
3.8,0.3,56.647215
3.8,0.4,57.161567
3.8,0.5,57.671457
3.8,0.6,58.211728
3.8,0.7,58.817222
3.8,0.8,59.522782
3.8,0.9,60.363251
3.8,1.0,61.373470
3.8,1.1,62.588283
3.8,1.2,64.042531
3.8,1.3,65.771058
3.8,1.4,67.807335
3.8,1.5,70.080128
3.8,1.6,72.341444
3.8,1.7,74.326258
3.8,1.8,75.769548
3.8,1.9,76.412613
3.8,2.0,76.184011
3.8,2.1,75.226247
3.8,2.2,73.693518
3.8,2.3,71.740022
3.8,2.4,69.519954
3.8,2.5,67.187510
3.8,2.6,64.896889
3.8,2.7,62.802285
3.8,2.8,61.033532
3.8,2.9,59.590547
3.8,3.0,58.430119
3.8,3.1,57.509009
3.8,3.2,56.783977
3.8,3.3,56.211784
3.8,3.4,55.749190
3.8,3.5,55.352957
3.8,3.6,54.979846
3.8,3.7,54.586615
3.8,3.8,54.130722
3.8,3.9,53.599546
3.8,4.1,53.021145
3.8,4.2,52.426483
3.8,4.3,51.846521
3.8,4.4,51.312223
3.8,4.5,50.854552
3.8,4.6,50.503579
3.8,4.7,50.268877
3.8,4.8,50.139553
3.8,4.9,50.103827
3.8,5.0,50.149918
3.8,5.1,50.266046
3.8,5.2,50.440432
3.8,5.3,50.661293
3.8,5.4,50.916851
3.8,5.5,51.195935
3.8,5.6,51.495350
3.8,5.7,51.817495
3.8,5.8,52.164884
3.8,5.9,52.540033
3.8,6.0,52.945455
3.8,6.1,53.383667
3.8,6.2,53.857182
3.8,6.3,54.368515
3.8,6.4,54.920175
3.8,6.5,55.511896
3.8,6.6,56.136520
3.8,6.7,56.785831
3.8,6.8,57.451616
3.8,6.9,58.125660
3.8,7.0,58.799748
3.8,7.1,59.465666
3.8,7.2,60.115198
3.8,7.3,60.740131
3.8,7.4,61.332250
3.8,7.5,61.883340
3.8,7.6,62.385187
3.8,7.7,62.829576
3.8,7.8,63.208293
3.8,7.9,63.513123
3.8,8.0,63.735852
3.9,0.0,56.026836
3.9,0.1,56.646761
3.9,0.2,57.127803
3.9,0.3,57.505735
3.9,0.4,57.816330
3.9,0.5,58.095361
3.9,0.6,58.378601
3.9,0.7,58.701822
3.9,0.8,59.100798
3.9,0.9,59.611302
3.9,1.0,60.269107
3.9,1.1,61.109985
3.9,1.2,62.169709
3.9,1.3,63.484053
3.9,1.4,65.087550
3.9,1.5,66.920002
3.9,1.6,68.761295
3.9,1.7,70.375906
3.9,1.8,71.528314
3.9,1.9,71.988624
3.9,2.0,71.693577
3.9,2.1,70.770302
3.9,2.2,69.356334
3.9,2.3,67.589205
3.9,2.4,65.606448
3.9,2.5,63.545595
3.9,2.6,61.544181
3.9,2.7,59.739739
3.9,2.8,58.247486
3.9,2.9,57.063660
3.9,3.0,56.144998
3.9,3.1,55.448213
3.9,3.2,54.930014
3.9,3.3,54.547114
3.9,3.4,54.256225
3.9,3.5,54.014057
3.9,3.6,53.777322
3.9,3.7,53.502732
3.9,3.8,53.147721
3.9,3.9,52.700862
3.9,4.1,52.193055
3.9,4.2,51.658222
3.9,4.3,51.130287
3.9,4.4,50.643172
3.9,4.5,50.230801
3.9,4.6,49.926151
3.9,4.7,49.740492
3.9,4.8,49.663421
3.9,4.9,49.683593
3.9,5.0,49.789666
3.9,5.1,49.970293
3.9,5.2,50.214133
3.9,5.3,50.509841
3.9,5.4,50.846072
3.9,5.5,51.211927
3.9,5.6,51.602320
3.9,5.7,52.016240
3.9,5.8,52.452760
3.9,5.9,52.910954
3.9,6.0,53.389896
3.9,6.1,53.888661
3.9,6.2,54.406321
3.9,6.3,54.941951
3.9,6.4,55.494622
3.9,6.5,56.062613
3.9,6.6,56.642228
3.9,6.7,57.229469
3.9,6.8,57.820338
3.9,6.9,58.410838
3.9,7.0,58.996970
3.9,7.1,59.574736
3.9,7.2,60.140139
3.9,7.3,60.689180
3.9,7.4,61.217863
3.9,7.5,61.722188
3.9,7.6,62.198158
3.9,7.7,62.641775
3.9,7.8,63.049042
3.9,7.9,63.415959
3.9,8.0,63.738531
4.0,0.0,57.485658
4.0,0.1,57.997992
4.0,0.2,58.331574
4.0,0.3,58.523555
4.0,0.4,58.611086
4.0,0.5,58.631318
4.0,0.6,58.621400
4.0,0.7,58.618484
4.0,0.8,58.659721
4.0,0.9,58.782261
4.0,1.0,59.023254
4.0,1.1,59.419852
4.0,1.2,60.009204
4.0,1.3,60.828462
4.0,1.4,61.913699
4.0,1.5,63.218637
4.0,1.6,64.557981
4.0,1.7,65.733041
4.0,1.8,66.545129
4.0,1.9,66.800301
4.0,2.0,66.445164
4.0,2.1,65.586912
4.0,2.2,64.341512
4.0,2.3,62.824931
4.0,2.4,61.153134
4.0,2.5,59.442091
4.0,2.6,57.807767
4.0,2.7,56.366130
4.0,2.8,55.213579
4.0,2.9,54.342178
4.0,3.0,53.709350
4.0,3.1,53.272500
4.0,3.2,52.989029
4.0,3.3,52.816340
4.0,3.4,52.711836
4.0,3.5,52.632919
4.0,3.6,52.536992
4.0,3.7,52.381457
4.0,3.8,52.124469
4.0,3.9,51.756574
4.0,4.1,51.312346
4.0,4.2,50.829507
4.0,4.3,50.345776
4.0,4.4,49.898875
4.0,4.5,49.526522
4.0,4.6,49.265416
4.0,4.7,49.128791
4.0,4.8,49.106447
4.0,4.9,49.187172
4.0,5.0,49.359749
4.0,5.1,49.612967
4.0,5.2,49.935609
4.0,5.3,50.316462
4.0,5.4,50.744312
4.0,5.5,51.208213
4.0,5.6,51.700727
4.0,5.7,52.216876
4.0,5.8,52.751732
4.0,5.9,53.300370
4.0,6.0,53.857861
4.0,6.1,54.419280
4.0,6.2,54.979699
4.0,6.3,55.534191
4.0,6.4,56.077833
4.0,6.5,56.607250
4.0,6.6,57.122912
4.0,6.7,57.625879
4.0,6.8,58.117212
4.0,6.9,58.597971
4.0,7.0,59.069216
4.0,7.1,59.532007
4.0,7.2,59.987404
4.0,7.3,60.436467
4.0,7.4,60.880257
4.0,7.5,61.319833
4.0,7.6,61.756256
4.0,7.7,62.190586
4.0,7.8,62.623882
4.0,7.9,63.057206
4.0,8.0,63.491617
4.1,0.0,58.987796
4.1,0.1,59.410144
4.1,0.2,59.606306
4.1,0.3,59.615378
4.1,0.4,59.476452
4.1,0.5,59.228621
4.1,0.6,58.910979
4.1,0.7,58.562618
4.1,0.8,58.222632
4.1,0.9,57.930113
4.1,1.0,57.724156
4.1,1.1,57.643853
4.1,1.2,57.728297
4.1,1.3,58.016582
4.1,1.4,58.546894
4.1,1.5,59.288129
4.1,1.6,60.092215
4.1,1.7,60.799809
4.1,1.8,61.251568
4.1,1.9,61.291950
4.1,2.0,60.877963
4.1,2.1,60.095207
4.1,2.2,59.036308
4.1,2.3,57.793892
4.1,2.4,56.460587
4.1,2.5,55.129018
4.1,2.6,53.891812
4.1,2.7,52.841595
4.1,2.8,52.054410
4.1,2.9,51.517869
4.1,3.0,51.190229
4.1,3.1,51.029727
4.1,3.2,50.994599
4.1,3.3,51.043082
4.1,3.4,51.133414
4.1,3.5,51.223831
4.1,3.6,51.272570
4.1,3.7,51.237868
4.1,3.8,51.078746
4.1,3.9,50.787999
4.1,4.1,50.404328
4.1,4.2,49.969715
4.1,4.3,49.526140
4.1,4.4,49.115584
4.1,4.5,48.780031
4.1,4.6,48.560347
4.1,4.7,48.471879
4.1,4.8,48.504488
4.1,4.9,48.646929
4.1,5.0,48.887956
4.1,5.1,49.216324
4.1,5.2,49.620788
4.1,5.3,50.090104
4.1,5.4,50.613026
4.1,5.5,51.178398
4.1,5.6,51.776237
4.1,5.7,52.397381
4.1,5.8,53.032683
4.1,5.9,53.672999
4.1,6.0,54.309183
4.1,6.1,54.932090
4.1,6.2,55.532574
4.1,6.3,56.101491
4.1,6.4,56.629705
4.1,6.5,57.112102
4.1,6.6,57.553569
4.1,6.7,57.960524
4.1,6.8,58.339385
4.1,6.9,58.696571
4.1,7.0,59.038499
4.1,7.1,59.371587
4.1,7.2,59.702252
4.1,7.3,60.036914
4.1,7.4,60.381990
4.1,7.5,60.743898
4.1,7.6,61.129057
4.1,7.7,61.543883
4.1,7.8,61.994795
4.1,7.9,62.488211
4.1,8.0,63.030549
4.2,0.0,60.415620
4.2,0.1,60.773914
4.2,0.2,60.853437
4.2,0.3,60.695908
4.2,0.4,60.343045
4.2,0.5,59.836566
4.2,0.6,59.218189
4.2,0.7,58.529631
4.2,0.8,57.812611
4.2,0.9,57.108847
4.2,1.0,56.460057
4.2,1.1,55.907959
4.2,1.2,55.494270
4.2,1.3,55.260709
4.2,1.4,55.248244
4.2,1.5,55.440573
4.2,1.6,55.724709
4.2,1.7,55.978354
4.2,1.8,56.079207
4.2,1.9,55.907879
4.2,2.0,55.431161
4.2,2.1,54.714313
4.2,2.2,53.827974
4.2,2.3,52.842782
4.2,2.4,51.829377
4.2,2.5,50.858397
4.2,2.6,50.000481
4.2,2.7,49.326269
4.2,2.8,48.892576
4.2,2.9,48.682504
4.2,3.0,48.654690
4.2,3.1,48.767749
4.2,3.2,48.980299
4.2,3.3,49.250959
4.2,3.4,49.538346
4.2,3.5,49.801077
4.2,3.6,49.997771
4.2,3.7,50.087044
4.2,3.8,50.028335
4.2,3.9,49.816458
4.2,4.1,49.494311
4.2,4.2,49.108223
4.2,4.3,48.704528
4.2,4.4,48.329557
4.2,4.5,48.029642
4.2,4.6,47.849912
4.2,4.7,47.807862
4.2,4.8,47.893398
4.2,4.9,48.095231
4.2,5.0,48.402069
4.2,5.1,48.802623
4.2,5.2,49.285600
4.2,5.3,49.839711
4.2,5.4,50.453664
4.2,5.5,51.116087
4.2,5.6,51.814517
4.2,5.7,52.535732
4.2,5.8,53.266493
4.2,5.9,53.993560
4.2,6.0,54.703694
4.2,6.1,55.383656
4.2,6.2,56.020207
4.2,6.3,56.600107
4.2,6.4,57.110134
4.2,6.5,57.543465
4.2,6.6,57.909198
4.2,6.7,58.218866
4.2,6.8,58.484004
4.2,6.9,58.716147
4.2,7.0,58.926828
4.2,7.1,59.127582
4.2,7.2,59.329942
4.2,7.3,59.545443
4.2,7.4,59.785620
4.2,7.5,60.062005
4.2,7.6,60.386134
4.2,7.7,60.769540
4.2,7.8,61.223758
4.2,7.9,61.760322
4.2,8.0,62.390766
4.3,0.0,61.651496
4.3,0.1,61.979998
4.3,0.2,61.974402
4.3,0.3,61.679849
4.3,0.4,61.141483
4.3,0.5,60.404447
4.3,0.6,59.513882
4.3,0.7,58.514933
4.3,0.8,57.452741
4.3,0.9,56.372449
4.3,1.0,55.319201
4.3,1.1,54.338138
4.3,1.2,53.474403
4.3,1.3,52.773139
4.3,1.4,52.278861
4.3,1.5,51.988062
4.3,1.6,51.816176
4.3,1.7,51.670822
4.3,1.8,51.459622
4.3,1.9,51.092393
4.3,2.0,50.543948
4.3,2.1,49.863361
4.3,2.2,49.103766
4.3,2.3,48.318293
4.3,2.4,47.560077
4.3,2.5,46.882249
4.3,2.6,46.337942
4.3,2.7,45.980287
4.3,2.8,45.850673
4.3,2.9,45.927852
4.3,3.0,46.169786
4.3,3.1,46.534422
4.3,3.2,46.979708
4.3,3.3,47.463592
4.3,3.4,47.944022
4.3,3.5,48.378945
4.3,3.6,48.726309
4.3,3.7,48.944062
4.3,3.8,48.991016
4.3,3.9,48.863270
4.3,4.1,48.607602
4.3,4.2,48.274410
4.3,4.3,47.914092
4.3,4.4,47.577047
4.3,4.5,47.313673
4.3,4.6,47.173081
4.3,4.7,47.174844
4.3,4.8,47.309033
4.3,4.9,47.564446
4.3,5.0,47.929877
4.3,5.1,48.394121
4.3,5.2,48.945973
4.3,5.3,49.574227
4.3,5.4,50.267680
4.3,5.5,51.014884
4.3,5.6,51.801234
4.3,5.7,52.609910
4.3,5.8,53.424045
4.3,5.9,54.226774
4.3,6.0,55.001229
4.3,6.1,55.730545
4.3,6.2,56.397856
4.3,6.3,56.986294
4.3,6.4,57.479018
4.3,6.5,57.867635
4.3,6.6,58.164796
4.3,6.7,58.386367
4.3,6.8,58.548216
4.3,6.9,58.666210
4.3,7.0,58.756216
4.3,7.1,58.834101
4.3,7.2,58.915732
4.3,7.3,59.016977
4.3,7.4,59.153702
4.3,7.5,59.341775
4.3,7.6,59.597063
4.3,7.7,59.935434
4.3,7.8,60.372753
4.3,7.9,60.924890
4.3,8.0,61.607709
4.4,0.0,62.577793
4.4,0.1,62.919094
4.4,0.2,62.870636
4.4,0.3,62.481904
4.4,0.4,61.802383
4.4,0.5,60.881557
4.4,0.6,59.768912
4.4,0.7,58.513932
4.4,0.8,57.166102
4.4,0.9,55.774907
4.4,1.0,54.389831
4.4,1.1,53.060360
4.4,1.2,51.835977
4.4,1.3,50.766169
4.4,1.4,49.899854
4.4,1.5,49.242693
4.4,1.6,48.727326
4.4,1.7,48.279357
4.4,1.8,47.824389
4.4,1.9,47.289800
4.4,2.0,46.655512
4.4,2.1,45.961479
4.4,2.2,45.250937
4.4,2.3,44.567118
4.4,2.4,43.953260
4.4,2.5,43.452595
4.4,2.6,43.108358
4.4,2.7,42.963785
4.4,2.8,43.051300
4.4,2.9,43.345681
4.4,3.0,43.802572
4.4,3.1,44.377602
4.4,3.2,45.026401
4.4,3.3,45.704601
4.4,3.4,46.367831
4.4,3.5,46.971721
4.4,3.6,47.471901
4.4,3.7,47.824002
4.4,3.8,47.984571
4.4,3.9,47.949755
4.4,4.1,47.769513
4.4,4.2,47.497654
4.4,4.3,47.187983
4.4,4.4,46.894309
4.4,4.5,46.670438
4.4,4.6,46.568827
4.4,4.7,46.610930
4.4,4.8,46.787249
4.4,4.9,47.086941
4.4,5.0,47.499165
4.4,5.1,48.013077
4.4,5.2,48.617836
4.4,5.3,49.302600
4.4,5.4,50.056526
4.4,5.5,50.868395
4.4,5.6,51.722054
4.4,5.7,52.597890
4.4,5.8,53.476220
4.4,5.9,54.337358
4.4,6.0,55.161621
4.4,6.1,55.929323
4.4,6.2,56.620781
4.4,6.3,57.216309
4.4,6.4,57.696252
4.4,6.5,58.050908
4.4,6.6,58.295363
4.4,6.7,58.448491
4.4,6.8,58.529168
4.4,6.9,58.556271
4.4,7.0,58.548673
4.4,7.1,58.525251
4.4,7.2,58.504881
4.4,7.3,58.506437
4.4,7.4,58.548795
4.4,7.5,58.650831
4.4,7.6,58.831420
4.4,7.7,59.109437
4.4,7.8,59.503759
4.4,7.9,60.033260
4.4,8.0,60.716817
4.5,0.0,63.076877
4.5,0.1,63.481896
4.5,0.2,63.443576
4.5,0.3,63.016777
4.5,0.4,62.256362
4.5,0.5,61.217192
4.5,0.6,59.954130
4.5,0.7,58.522037
4.5,0.8,56.975775
4.5,0.9,55.370206
4.5,1.0,53.760192
4.5,1.1,52.200594
4.5,1.2,50.746275
4.5,1.3,49.452096
4.5,1.4,48.372334
4.5,1.5,47.516559
4.5,1.6,46.818873
4.5,1.7,46.206104
4.5,1.8,45.605083
4.5,1.9,44.944406
4.5,2.0,44.205042
4.5,2.1,43.427796
4.5,2.2,42.656741
4.5,2.3,41.935950
4.5,2.4,41.309497
4.5,2.5,40.821455
4.5,2.6,40.515898
4.5,2.7,40.436898
4.5,2.8,40.617054
4.5,2.9,41.027761
4.5,3.0,41.620102
4.5,3.1,42.345144
4.5,3.2,43.153956
4.5,3.3,43.997606
4.5,3.4,44.827161
4.5,3.5,45.593690
4.5,3.6,46.248260
4.5,3.7,46.741941
4.5,3.8,47.026782
4.5,3.9,47.097231
4.5,4.1,47.005353
4.5,4.2,46.807332
4.5,4.3,46.559353
4.5,4.4,46.317599
4.5,4.5,46.138254
4.5,4.6,46.076118
4.5,4.7,46.154227
4.5,4.8,46.363901
4.5,4.9,46.695083
4.5,5.0,47.137718
4.5,5.1,47.681748
4.5,5.2,48.317119
4.5,5.3,49.033773
4.5,5.4,49.821654
4.5,5.5,50.670224
4.5,5.6,51.562644
4.5,5.7,52.477653
4.5,5.8,53.393900
4.5,5.9,54.290033
4.5,6.0,55.144702
4.5,6.1,55.936555
4.5,6.2,56.644241
4.5,6.3,57.246408
4.5,6.4,57.721734
4.5,6.5,58.059579
4.5,6.6,58.275895
4.5,6.7,58.390698
4.5,6.8,58.424007
4.5,6.9,58.395839
4.5,7.0,58.326210
4.5,7.1,58.235141
4.5,7.2,58.142646
4.5,7.3,58.068745
4.5,7.4,58.033455
4.5,7.5,58.056793
4.5,7.6,58.158778
4.5,7.7,58.359426
4.5,7.8,58.678755
4.5,7.9,59.136784
4.5,8.0,59.753528
4.6,0.0,63.031117
4.6,0.1,63.559103
4.6,0.2,63.594658
4.6,0.3,63.199172
4.6,0.4,62.434038
4.6,0.5,61.360646
4.6,0.6,60.040389
4.6,0.7,58.534657
4.6,0.8,56.904842
4.6,0.9,55.212335
4.6,1.0,53.518527
4.6,1.1,51.884811
4.6,1.2,50.372576
4.6,1.3,49.043215
4.6,1.4,47.957411
4.6,1.5,47.121756
4.6,1.6,46.451528
4.6,1.7,45.853209
4.6,1.8,45.233280
4.6,1.9,44.500517
4.6,2.0,43.631728
4.6,2.1,42.681441
4.6,2.2,41.708434
4.6,2.3,40.771482
4.6,2.4,39.929362
4.6,2.5,39.240851
4.6,2.6,38.764726
4.6,2.7,38.559762
4.6,2.8,38.670532
4.6,2.9,39.065861
4.6,3.0,39.689430
4.6,3.1,40.484905
4.6,3.2,41.395949
4.6,3.3,42.366226
4.6,3.4,43.339401
4.6,3.5,44.259139
4.6,3.6,45.069103
4.6,3.7,45.712958
4.6,3.8,46.135430
4.6,3.9,46.327017
4.6,4.1,46.340430
4.6,4.2,46.232823
4.6,4.3,46.061351
4.6,4.4,45.883170
4.6,4.5,45.755435
4.6,4.6,45.733924
4.6,4.7,45.842838
4.6,4.8,46.074843
4.6,4.9,46.421238
4.6,5.0,46.873322
4.6,5.1,47.422393
4.6,5.2,48.059750
4.6,5.3,48.776692
4.6,5.4,49.564517
4.6,5.5,50.413978
4.6,5.6,51.308670
4.6,5.7,52.227175
4.6,5.8,53.147965
4.6,5.9,54.049518
4.6,6.0,54.910307
4.6,6.1,55.708807
4.6,6.2,56.423495
4.6,6.3,57.032845
4.6,6.4,57.515360
4.6,6.5,57.859945
4.6,6.6,58.081392
4.6,6.7,58.198453
4.6,6.8,58.229880
4.6,6.9,58.194425
4.6,7.0,58.110839
4.6,7.1,57.997876
4.6,7.2,57.874287
4.6,7.3,57.758824
4.6,7.4,57.670240
4.6,7.5,57.627285
4.6,7.6,57.648712
4.6,7.7,57.753274
4.6,7.8,57.959722
4.6,7.9,58.286807
4.6,8.0,58.753284
4.7,0.0,62.322881
4.7,0.1,63.041410
4.7,0.2,63.225317
4.7,0.3,62.943793
4.7,0.4,62.266028
4.7,0.5,61.261214
4.7,0.6,59.998541
4.7,0.7,58.547200
4.7,0.8,56.976383
4.7,0.9,55.355280
4.7,1.0,53.753081
4.7,1.1,52.238978
4.7,1.2,50.882162
4.7,1.3,49.751824
4.7,1.4,48.916196
4.7,1.5,48.370378
4.7,1.6,47.986004
4.7,1.7,47.622817
4.7,1.8,47.140555
4.7,1.9,46.402441
4.7,2.0,45.374757
4.7,2.1,44.141542
4.7,2.2,42.793268
4.7,2.3,41.420405
4.7,2.4,40.113427
4.7,2.5,38.962803
4.7,2.6,38.059008
4.7,2.7,37.492511
4.7,2.8,37.334331
4.7,2.9,37.551750
4.7,3.0,38.077612
4.7,3.1,38.844740
4.7,3.2,39.785956
4.7,3.3,40.834082
4.7,3.4,41.921940
4.7,3.5,42.982353
4.7,3.6,43.948143
4.7,3.7,44.752131
4.7,3.8,45.328296
4.7,3.9,45.660434
4.7,4.1,45.800055
4.7,4.2,45.803504
4.7,4.3,45.727130
4.7,4.4,45.627278
4.7,4.5,45.560297
4.7,4.6,45.581217
4.7,4.7,45.714870
4.7,4.8,45.955933
4.7,4.9,46.297775
4.7,5.0,46.733763
4.7,5.1,47.257268
4.7,5.2,47.861658
4.7,5.3,48.540301
4.7,5.4,49.286567
4.7,5.5,50.093260
4.7,5.6,50.945801
4.7,5.7,51.824435
4.7,5.8,52.709299
4.7,5.9,53.580531
4.7,6.0,54.418267
4.7,6.1,55.202646
4.7,6.2,55.913803
4.7,6.3,56.531877
4.7,6.4,57.037027
4.7,6.5,57.418301
4.7,6.6,57.686851
4.7,6.7,57.857216
4.7,6.8,57.943933
4.7,6.9,57.961539
4.7,7.0,57.924571
4.7,7.1,57.847567
4.7,7.2,57.745063
4.7,7.3,57.631597
4.7,7.4,57.521706
4.7,7.5,57.429927
4.7,7.6,57.370798
4.7,7.7,57.358856
4.7,7.8,57.408637
4.7,7.9,57.534680
4.7,8.0,57.751522
4.8,0.0,60.834537
4.8,0.1,61.819514
4.8,0.2,62.236990
4.8,0.3,62.165342
4.8,0.4,61.682949
4.8,0.5,60.868188
4.8,0.6,59.799438
4.8,0.7,58.555076
4.8,0.8,57.213480
4.8,0.9,55.853028
4.8,1.0,54.552098
4.8,1.1,53.389067
4.8,1.2,52.442315
4.8,1.3,51.790218
4.8,1.4,51.509799
4.8,1.5,51.574520
4.8,1.6,51.783013
4.8,1.7,51.917072
4.8,1.8,51.758486
4.8,1.9,51.094483
4.8,2.0,49.873319
4.8,2.1,48.227229
4.8,2.2,46.298498
4.8,2.3,44.229414
4.8,2.4,42.162263
4.8,2.5,40.239333
4.8,2.6,38.602910
4.8,2.7,37.395282
4.8,2.8,36.731050
4.8,2.9,36.577197
4.8,3.0,36.851701
4.8,3.1,37.472505
4.8,3.2,38.357555
4.8,3.3,39.424794
4.8,3.4,40.592167
4.8,3.5,41.777620
4.8,3.6,42.899095
4.8,3.7,43.874539
4.8,3.8,44.623161
4.8,3.9,45.118801
4.8,4.1,45.409536
4.8,4.2,45.548754
4.8,4.3,45.589839
4.8,4.4,45.586178
4.8,4.5,45.591157
4.8,4.6,45.656966
4.8,4.7,45.808428
4.8,4.8,46.043025
4.8,4.9,46.357058
4.8,5.0,46.746828
4.8,5.1,47.208633
4.8,5.2,47.738773
4.8,5.3,48.333548
4.8,5.4,48.989257
4.8,5.5,49.701675
4.8,5.6,50.459701
4.8,5.7,51.247411
4.8,5.8,52.048782
4.8,5.9,52.847792
4.8,6.0,53.628418
4.8,6.1,54.374636
4.8,6.2,55.070424
4.8,6.3,55.699759
4.8,6.4,56.246633
4.8,6.5,56.700942
4.8,6.6,57.067271
4.8,6.7,57.352451
4.8,6.8,57.563315
4.8,6.9,57.706692
4.8,7.0,57.789416
4.8,7.1,57.818319
4.8,7.2,57.800231
4.8,7.3,57.741984
4.8,7.4,57.650411
4.8,7.5,57.532342
4.8,7.6,57.394610
4.8,7.7,57.244047
4.8,7.8,57.087483
4.8,7.9,56.931751
4.8,8.0,56.783682
4.9,0.0,58.448452
4.9,0.1,59.784111
4.9,0.2,60.531112
4.9,0.3,60.778525
4.9,0.4,60.615419
4.9,0.5,60.130865
4.9,0.6,59.413933
4.9,0.7,58.553692
4.9,0.8,57.639213
4.9,0.9,56.759566
4.9,1.0,56.003820
4.9,1.1,55.461047
4.9,1.2,55.220315
4.9,1.3,55.370694
4.9,1.4,55.999331
4.9,1.5,57.046276
4.9,1.6,58.203267
4.9,1.7,59.138119
4.9,1.8,59.518646
4.9,1.9,59.020951
4.9,2.0,57.566603
4.9,2.1,55.357629
4.9,2.2,52.611378
4.9,2.3,49.545200
4.9,2.4,46.376444
4.9,2.5,43.322460
4.9,2.6,40.600599
4.9,2.7,38.428209
4.9,2.8,36.983285
4.9,2.9,36.233973
4.9,3.0,36.078752
4.9,3.1,36.416056
4.9,3.2,37.144322
4.9,3.3,38.161982
4.9,3.4,39.367471
4.9,3.5,40.659224
4.9,3.6,41.935676
4.9,3.7,43.095260
4.9,3.8,44.037808
4.9,3.9,44.723436
4.9,4.1,45.194184
4.9,4.2,45.497950
4.9,4.3,45.682631
4.9,4.4,45.796125
4.9,4.5,45.886328
4.9,4.6,46.000143
4.9,4.7,46.161616
4.9,4.8,46.371975
4.9,4.9,46.631457
4.9,5.0,46.940301
4.9,5.1,47.298744
4.9,5.2,47.707022
4.9,5.3,48.165375
4.9,5.4,48.674039
4.9,5.5,49.232830
4.9,5.6,49.836038
4.9,5.7,50.474081
4.9,5.8,51.137297
4.9,5.9,51.816021
4.9,6.0,52.500591
4.9,6.1,53.181344
4.9,6.2,53.848617
4.9,6.3,54.492747
4.9,6.4,55.104073
4.9,6.5,55.674166
4.9,6.6,56.197650
4.9,6.7,56.669620
4.9,6.8,57.085171
4.9,6.9,57.439395
4.9,7.0,57.727387
4.9,7.1,57.944240
4.9,7.2,58.085050
4.9,7.3,58.144909
4.9,7.4,58.118911
4.9,7.5,58.002152
4.9,7.6,57.789723
4.9,7.7,57.476721
4.9,7.8,57.058237
4.9,7.9,56.529367
4.9,8.0,55.885205
5.0,0.0,55.068811
5.0,0.1,56.844404
5.0,0.2,58.024551
5.0,0.3,58.710523
5.0,0.4,59.003589
5.0,0.5,59.005021
5.0,0.6,58.816089
5.0,0.7,58.538064
5.0,0.8,58.272216
5.0,0.9,58.119815
5.0,1.0,58.182132
5.0,1.1,58.560437
5.0,1.2,59.356001
5.0,1.3,60.670095
5.0,1.4,62.601306
5.0,1.5,65.043191
5.0,1.6,67.543198
5.0,1.7,69.615424
5.0,1.8,70.773967
5.0,1.9,70.545052
5.0,2.0,68.814036
5.0,2.1,65.876591
5.0,2.2,62.050814
5.0,2.3,57.654798
5.0,2.4,53.006639
5.0,2.5,48.424431
5.0,2.6,44.226269
5.0,2.7,40.730248
5.0,2.8,38.199645
5.0,2.9,36.605429
5.0,3.0,35.821535
5.0,3.1,35.721834
5.0,3.2,36.180194
5.0,3.3,37.070486
5.0,3.4,38.266579
5.0,3.5,39.642344
5.0,3.6,41.071650
5.0,3.7,42.428367
5.0,3.8,43.587915
5.0,3.9,44.492529
5.0,4.1,45.175259
5.0,4.2,45.675643
5.0,4.3,46.033218
5.0,4.4,46.287523
5.0,4.5,46.478096
5.0,4.6,46.643760
5.0,4.7,46.806920
5.0,4.8,46.973586
5.0,4.9,47.149060
5.0,5.0,47.338640
5.0,5.1,47.547628
5.0,5.2,47.781323
5.0,5.3,48.045024
5.0,5.4,48.344033
5.0,5.5,48.683401
5.0,5.6,49.064944
5.0,5.7,49.488208
5.0,5.8,49.952688
5.0,5.9,50.457885
5.0,6.0,51.003295
5.0,6.1,51.588416
5.0,6.2,52.212746
5.0,6.3,52.875784
5.0,6.4,53.577012
5.0,6.5,54.310595
5.0,6.6,55.057454
5.0,6.7,55.796488
5.0,6.8,56.506593
5.0,6.9,57.166668
5.0,7.0,57.755609
5.0,7.1,58.252314
5.0,7.2,58.635680
5.0,7.3,58.884605
5.0,7.4,58.977987
5.0,7.5,58.894721
5.0,7.6,58.613707
5.0,7.7,58.113841
5.0,7.8,57.374021
5.0,7.9,56.373144
5.0,8.0,55.090107
5.1,0.0,51.132838
5.1,0.1,53.361719
5.1,0.2,55.011167
5.1,0.3,56.193372
5.1,0.4,57.020525
5.1,0.5,57.604818
5.1,0.6,58.058441
5.1,0.7,58.493584
5.1,0.8,59.022440
5.1,0.9,59.757198
5.1,1.0,60.810049
5.1,1.1,62.293185
5.1,1.2,64.318796
5.1,1.3,66.999074
5.1,1.4,70.442698
5.1,1.5,74.490089
5.1,1.6,78.528814
5.1,1.7,81.902807
5.1,1.8,83.956002
5.1,1.9,84.048715
5.1,2.0,82.026399
5.1,2.1,78.288784
5.1,2.2,73.265891
5.1,2.3,67.387738
5.1,2.4,61.084346
5.1,2.5,54.785734
5.1,2.6,48.921921
5.1,2.7,43.922927
5.1,2.8,40.146961
5.1,2.9,37.569324
5.1,3.0,36.038203
5.1,3.1,35.401700
5.1,3.2,35.507917
5.1,3.3,36.204957
5.1,3.4,37.340922
5.1,3.5,38.763914
5.1,3.6,40.322037
5.1,3.7,41.863392
5.1,3.8,43.237771
5.1,3.9,44.367806
5.1,4.1,45.275127
5.1,4.2,45.988440
5.1,4.3,46.536449
5.1,4.4,46.947860
5.1,4.5,47.251377
5.1,4.6,47.475334
5.1,4.7,47.639535
5.1,4.8,47.755266
5.1,4.9,47.833443
5.1,5.0,47.884982
5.1,5.1,47.920800
5.1,5.2,47.951813
5.1,5.3,47.988939
5.1,5.4,48.043092
5.1,5.5,48.125163
5.1,5.6,48.245663
5.1,5.7,48.414846
5.1,5.8,48.642956
5.1,5.9,48.940241
5.1,6.0,49.316947
5.1,6.1,49.783320
5.1,6.2,50.349605
5.1,6.3,51.026050
5.1,6.4,51.822866
5.1,6.5,52.737450
5.1,6.6,53.735303
5.1,6.7,54.777050
5.1,6.8,55.823313
5.1,6.9,56.834717
5.1,7.0,57.771883
5.1,7.1,58.595437
5.1,7.2,59.266000
5.1,7.3,59.744197
5.1,7.4,59.990651
5.1,7.5,59.965985
5.1,7.6,59.630823
5.1,7.7,58.945788
5.1,7.8,57.871503
5.1,7.9,56.368592
5.1,8.0,54.397678
5.2,0.0,47.628732
5.2,0.1,50.164725
5.2,0.2,52.174504
5.2,0.3,53.774227
5.2,0.4,55.080051
5.2,0.5,56.208132
5.2,0.6,57.274629
5.2,0.7,58.395698
5.2,0.8,59.687497
5.2,0.9,61.266183
5.2,1.0,63.247913
5.2,1.1,65.748844
5.2,1.2,68.885133
5.2,1.3,72.772938
5.2,1.4,77.524269
5.2,1.5,82.934209
5.2,1.6,88.262834
5.2,1.7,92.718670
5.2,1.8,95.510247
5.2,1.9,95.865890
5.2,2.0,93.600233
5.2,2.1,89.197786
5.2,2.2,83.179665
5.2,2.3,76.066983
5.2,2.4,68.380854
5.2,2.5,60.642392
5.2,2.6,53.372711
5.2,2.7,47.092924
5.2,2.8,42.238787
5.2,2.9,38.790899
5.2,3.0,36.578761
5.2,3.1,35.431774
5.2,3.2,35.179340
5.2,3.3,35.650859
5.2,3.4,36.675733
5.2,3.5,38.083363
5.2,3.6,39.703150
5.2,3.7,41.364495
5.2,3.8,42.898550
5.2,3.9,44.211951
5.2,4.1,45.313927
5.2,4.2,46.221035
5.2,4.3,46.949837
5.2,4.4,47.516892
5.2,4.5,47.938759
5.2,4.6,48.231983
5.2,4.7,48.412745
5.2,4.8,48.496866
5.2,4.9,48.500150
5.2,5.0,48.438401
5.2,5.1,48.327425
5.2,5.2,48.183026
5.2,5.3,48.021008
5.2,5.4,47.857177
5.2,5.5,47.707508
5.2,5.6,47.590219
5.2,5.7,47.525102
5.2,5.8,47.531980
5.2,5.9,47.630675
5.2,6.0,47.841013
5.2,6.1,48.182815
5.2,6.2,48.675906
5.2,6.3,49.340108
5.2,6.4,50.195193
5.2,6.5,51.241754
5.2,6.6,52.432649
5.2,6.7,53.713432
5.2,6.8,55.029659
5.2,6.9,56.326886
5.2,7.0,57.550669
5.2,7.1,58.646564
5.2,7.2,59.560125
5.2,7.3,60.236909
5.2,7.4,60.622472
5.2,7.5,60.662368
5.2,7.6,60.302154
5.2,7.7,59.487385
5.2,7.8,58.163617
5.2,7.9,56.276406
5.2,8.0,53.771307
5.3,0.0,45.570102
5.3,0.1,48.103641
5.3,0.2,50.216078
5.3,0.3,52.014773
5.3,0.4,53.607090
5.3,0.5,55.100391
5.3,0.6,56.602038
5.3,0.7,58.219394
5.3,0.8,60.059821
5.3,0.9,62.230682
5.3,1.0,64.839339
5.3,1.1,67.993154
5.3,1.2,71.799489
5.3,1.3,76.365708
5.3,1.4,81.794846
5.3,1.5,87.859266
5.3,1.6,93.773121
5.3,1.7,98.696781
5.3,1.8,101.790616
5.3,1.9,102.236084
5.3,2.0,99.839192
5.3,2.1,95.119510
5.3,2.2,88.635600
5.3,2.3,80.946021
5.3,2.4,72.609337
5.3,2.5,64.184106
5.3,2.6,56.228892
5.3,2.7,49.302253
5.3,2.8,43.872382
5.3,2.9,39.925592
5.3,3.0,37.288228
5.3,3.1,35.786528
5.3,3.2,35.246732
5.3,3.3,35.495079
5.3,3.4,36.357806
5.3,3.5,37.661155
5.3,3.6,39.231362
5.3,3.7,40.894668
5.3,3.8,42.478977
5.3,3.9,43.884007
5.3,4.1,45.107083
5.3,4.2,46.152502
5.3,4.3,47.024563
5.3,4.4,47.727566
5.3,4.5,48.265808
5.3,4.6,48.643889
5.3,4.7,48.873288
5.3,4.8,48.972357
5.3,4.9,48.959744
5.3,5.0,48.854099
5.3,5.1,48.674072
5.3,5.2,48.438311
5.3,5.3,48.165467
5.3,5.4,47.874187
5.3,5.5,47.583410
5.3,5.6,47.315839
5.3,5.7,47.096818
5.3,5.8,46.951748
5.3,5.9,46.906028
5.3,6.0,46.985057
5.3,6.1,47.214235
5.3,6.2,47.618961
5.3,6.3,48.224635
5.3,6.4,49.056596
5.3,6.5,50.117900
5.3,6.6,51.356143
5.3,6.7,52.710436
5.3,6.8,54.119891
5.3,6.9,55.523621
5.3,7.0,56.860737
5.3,7.1,58.070350
5.3,7.2,59.091573
5.3,7.3,59.863518
5.3,7.4,60.325296
5.3,7.5,60.416019
5.3,7.6,60.074800
5.3,7.7,59.240749
5.3,7.8,57.852979
5.3,7.9,55.850602
5.3,8.0,53.172730
5.4,0.0,45.970557
5.4,0.1,48.028689
5.4,0.2,49.837402
5.4,0.3,51.476695
5.4,0.4,53.026568
5.4,0.5,54.567020
5.4,0.6,56.178050
5.4,0.7,57.939658
5.4,0.8,59.931844
5.4,0.9,62.234605
5.4,1.0,64.927943
5.4,1.1,68.091855
5.4,1.2,71.806343
5.4,1.3,76.151403
5.4,1.4,81.203254
5.4,1.5,86.748972
5.4,1.6,92.087538
5.4,1.7,96.470903
5.4,1.8,99.151019
5.4,1.9,99.398807
5.4,2.0,97.046932
5.4,2.1,92.569866
5.4,2.2,86.477155
5.4,2.3,79.278341
5.4,2.4,71.482968
5.4,2.5,63.600579
5.4,2.6,56.140719
5.4,2.7,49.612930
5.4,2.8,44.445008
5.4,2.9,40.628845
5.4,3.0,38.011624
5.4,3.1,36.440434
5.4,3.2,35.762363
5.4,3.3,35.824501
5.4,3.4,36.473935
5.4,3.5,37.557754
5.4,3.6,38.923047
5.4,3.7,40.416903
5.4,3.8,41.887774
5.4,3.9,43.243014
5.4,4.1,44.470020
5.4,4.2,45.561912
5.4,4.3,46.511807
5.4,4.4,47.312826
5.4,4.5,47.958088
5.4,4.6,48.441234
5.4,4.7,48.767903
5.4,4.8,48.955709
5.4,4.9,49.022788
5.4,5.0,48.987276
5.4,5.1,48.867309
5.4,5.2,48.681020
5.4,5.3,48.446547
5.4,5.4,48.182024
5.4,5.5,47.905843
5.4,5.6,47.639748
5.4,5.7,47.407836
5.4,5.8,47.234252
5.4,5.9,47.143140
5.4,6.0,47.158645
5.4,6.1,47.304912
5.4,6.2,47.606085
5.4,6.3,48.086309
5.4,6.4,48.769676
5.4,6.5,49.660278
5.4,6.6,50.712439
5.4,6.7,51.872867
5.4,6.8,53.088273
5.4,6.9,54.305366
5.4,7.0,55.470856
5.4,7.1,56.531452
5.4,7.2,57.433864
5.4,7.3,58.124801
5.4,7.4,58.550974
5.4,7.5,58.659091
5.4,7.6,58.395862
5.4,7.7,57.707997
5.4,7.8,56.542205
5.4,7.9,54.845197
5.4,8.0,52.563681
5.5,0.0,49.843706
5.5,0.1,50.790088
5.5,0.2,51.739992
5.5,0.3,52.721679
5.5,0.4,53.763410
5.5,0.5,54.893446
5.5,0.6,56.140049
5.5,0.7,57.531479
5.5,0.8,59.095997
5.5,0.9,60.861864
5.5,1.0,62.857341
5.5,1.1,65.110690
5.5,1.2,67.650170
5.5,1.3,70.504044
5.5,1.4,73.698321
5.5,1.5,77.087044
5.5,1.6,80.233948
5.5,1.7,82.674801
5.5,1.8,83.945369
5.5,1.9,83.593568
5.5,2.0,81.527106
5.5,2.1,78.064766
5.5,2.2,73.547792
5.5,2.3,68.317429
5.5,2.4,62.714921
5.5,2.5,57.081512
5.5,2.6,51.758447
5.5,2.7,47.086969
5.5,2.8,43.353926
5.5,2.9,40.556097
5.5,3.0,38.593968
5.5,3.1,37.367963
5.5,3.2,36.778503
5.5,3.3,36.726012
5.5,3.4,37.110912
5.5,3.5,37.833627
5.5,3.6,38.794578
5.5,3.7,39.894190
5.5,3.8,41.033667
5.5,3.9,42.148014
5.5,4.1,43.218165
5.5,4.2,44.228337
5.5,4.3,45.162749
5.5,4.4,46.005619
5.5,4.5,46.741163
5.5,4.6,47.354201
5.5,4.7,47.843328
5.5,4.8,48.220893
5.5,4.9,48.499845
5.5,5.0,48.693133
5.5,5.1,48.813703
5.5,5.2,48.874503
5.5,5.3,48.888482
5.5,5.4,48.868588
5.5,5.5,48.827779
5.5,5.6,48.779173
5.5,5.7,48.735997
5.5,5.8,48.711480
5.5,5.9,48.718852
5.5,6.0,48.771342
5.5,6.1,48.882179
5.5,6.2,49.064592
5.5,6.3,49.331810
5.5,6.4,49.697036
5.5,6.5,50.163281
5.5,6.6,50.708189
5.5,6.7,51.305529
5.5,6.8,51.929066
5.5,6.9,52.552566
5.5,7.0,53.149797
5.5,7.1,53.694525
5.5,7.2,54.160516
5.5,7.3,54.521537
5.5,7.4,54.751353
5.5,7.5,54.823733
5.5,7.6,54.712441
5.5,7.7,54.391245
5.5,7.8,53.833911
5.5,7.9,53.014205
5.5,8.0,51.905894
5.6,0.0,58.203158
5.6,0.1,57.238058
5.6,0.2,56.625361
5.6,0.3,56.311409
5.6,0.4,56.242540
5.6,0.5,56.365097
5.6,0.6,56.625417
5.6,0.7,56.969843
5.6,0.8,57.344713
5.6,0.9,57.696369
5.6,1.0,57.971150
5.6,1.1,58.115397
5.6,1.2,58.075450
5.6,1.3,57.797649
5.6,1.4,57.228873
5.6,1.5,56.357193
5.6,1.6,55.240214
5.6,1.7,53.942240
5.6,1.8,52.527578
5.6,1.9,51.059876
5.6,2.0,49.583371
5.6,2.1,48.120122
5.6,2.2,46.690974
5.6,2.3,45.316775
5.6,2.4,44.018371
5.6,2.5,42.816607
5.6,2.6,41.732330
5.6,2.7,40.786386
5.6,2.8,39.996397
5.6,2.9,39.362789
5.6,3.0,38.880281
5.6,3.1,38.543586
5.6,3.2,38.347420
5.6,3.3,38.286497
5.6,3.4,38.355531
5.6,3.5,38.549237
5.6,3.6,38.862328
5.6,3.7,39.289521
5.6,3.8,39.825379
5.6,3.9,40.458047
5.6,4.1,41.166941
5.6,4.2,41.930851
5.6,4.3,42.728569
5.6,4.4,43.538888
5.6,4.5,44.340598
5.6,4.6,45.112973
5.6,4.7,45.846302
5.6,4.8,46.541880
5.6,4.9,47.201478
5.6,5.0,47.826869
5.6,5.1,48.419823
5.6,5.2,48.982111
5.6,5.3,49.515507
5.6,5.4,50.021780
5.6,5.5,50.502193
5.6,5.6,50.951340
5.6,5.7,51.359143
5.6,5.8,51.715424
5.6,5.9,52.010006
5.6,6.0,52.232713
5.6,6.1,52.373369
5.6,6.2,52.421795
5.6,6.3,52.367816
5.6,6.4,52.201280
5.6,6.5,51.921299
5.6,6.6,51.550048
5.6,6.7,51.113225
5.6,6.8,50.636532
5.6,6.9,50.145667
5.6,7.0,49.666332
5.6,7.1,49.224226
5.6,7.2,48.845049
5.6,7.3,48.554502
5.6,7.4,48.378284
5.6,7.5,48.342096
5.6,7.6,48.471638
5.6,7.7,48.792610
5.6,7.8,49.330712
5.6,7.9,50.111644
5.6,8.0,51.161106
